代码,名称,综合评分,动量分,技术分,基本面分,量能分,风险分,板块,已持仓
002645,华宏科技,78.3,96.5,85.0,80.0,65.0,64.0,其他,False
600186,莲花控股,77.2,100.0,81.0,80.0,65.0,56.0,其他,False
603256,宏和科技,76.5,100.0,70.0,90.0,65.0,56.0,玻纤制造,False
002859,洁美科技,74.3,100.0,66.5,65.0,85.0,64.0,其他,False
605376,博迁新材,74.3,100.0,66.5,70.0,77.5,64.0,其他,False
002693,双成药业,74.1,83.5,70.5,80.0,85.0,64.0,其他,False
603203,快克智能,73.6,92.0,70.5,90.0,55.0,56.0,其他,True
002407,多氟多,73.5,97.1,73.5,70.0,70.0,56.0,氟化工,False
002916,深南电路,73.3,99.1,66.5,70.0,70.0,64.0,印制电路板,False
600183,生益科技,72.7,97.8,53.5,85.0,70.0,64.0,其他,False
603629,利通电子,72.5,95.7,53.5,95.0,65.0,56.0,其他,False
003004,声迅股份,72.1,100.0,53.5,70.0,85.0,64.0,其他,False
002156,通富微电,71.6,100.0,70.5,60.0,70.0,56.0,其他,False
603890,春秋电子,71.4,91.7,66.5,65.0,77.5,64.0,其他,False
603986,兆易创新,71.4,100.0,53.5,90.0,55.0,56.0,其他,False
000518,四环生物,71.2,100.0,53.5,60.0,85.0,72.0,其他,False
002741,光华科技,70.4,91.0,66.5,65.0,70.0,64.0,其他,False
002947,恒铭达,70.2,93.2,78.0,60.0,47.5,64.0,其他,False
001266,宏英智能,70.0,93.6,66.5,65.0,70.0,56.0,其他,False
002552,宝鼎科技,69.9,100.0,66.5,70.0,47.5,56.0,其他,False
001389,广合科技,69.7,82.5,56.5,85.0,70.0,64.0,其他,False
002975,博杰股份,69.7,91.4,66.5,75.0,55.0,56.0,其他,False
002463,沪电股份,69.6,78.2,56.5,85.0,77.5,64.0,其他,False
601208,东材科技,69.6,98.1,66.5,60.0,65.0,56.0,其他,False
603083,剑桥科技,69.3,86.8,68.5,70.0,65.0,56.0,其他,False
002421,达实智能,69.3,100.0,53.5,60.0,85.0,56.0,其他,False
603005,晶方科技,69.2,94.3,62.5,55.0,77.5,64.0,元件、被动元件、激光设备,False
002297,博云新材,69.2,82.8,56.5,90.0,65.0,56.0,其他,False
603115,海星股份,69.1,100.0,52.5,65.0,77.5,56.0,其他,False
605006,山东玻纤,69.0,92.3,66.0,65.0,77.5,44.0,其他,False
600520,三佳科技,68.8,68.9,85.0,70.0,55.0,64.0,其他,False
002080,中材科技,68.6,94.1,62.5,65.0,65.0,56.0,玻纤制造,False
600936,北投科技,68.5,95.3,66.5,50.0,77.5,56.0,其他,False
001339,智微智能,68.4,91.8,60.5,70.0,55.0,64.0,其他,False
000725,京东方Ａ,68.4,86.7,62.5,50.0,85.0,72.0,其他,False
603223,恒通股份,68.3,82.8,66.5,55.0,85.0,64.0,其他,False
002185,华天科技,68.3,85.2,70.5,65.0,55.0,64.0,其他,False
000988,华工科技,68.2,96.7,60.5,70.0,65.0,44.0,其他,False
600552,凯盛科技,68.0,88.7,66.5,55.0,70.0,64.0,其他,False
600545,卓郎智能,68.0,89.2,66.0,60.0,70.0,56.0,其他,False
001283,豪鹏科技,67.7,72.8,73.5,60.0,77.5,64.0,其他,False
001258,立新能源,67.7,75.1,67.5,65.0,77.5,64.0,其他,False
605566,福莱蒽特,67.7,76.2,70.5,65.0,77.5,56.0,其他,False
002436,兴森科技,67.4,88.9,68.0,55.0,70.0,56.0,其他,False
605580,恒盛能源,67.4,60.5,73.0,70.0,85.0,64.0,其他,False
603823,百合花,67.3,100.0,66.5,40.0,65.0,64.0,其他,False
002119,康强电子,67.3,63.3,77.5,65.0,77.5,64.0,其他,True
002484,江海股份,67.1,100.0,66.5,50.0,55.0,56.0,元件、被动元件,False
000026,飞亚达,67.0,100.0,53.5,55.0,65.0,64.0,其他,False
002077,大港股份,67.0,68.9,70.5,60.0,77.5,72.0,其他,False
600176,中国巨石,67.0,88.9,64.5,60.0,65.0,56.0,玻纤制造,True
603893,瑞芯微,66.9,54.5,73.5,90.0,60.0,64.0,其他,False
001366,播恩集团,66.8,57.1,85.0,60.0,70.0,72.0,其他,False
600114,XD东睦股,66.7,80.5,73.5,45.0,77.5,64.0,其他,False
603725,天安新材,66.7,91.9,62.5,40.0,85.0,64.0,其他,False
603186,华正新材,66.6,100.0,53.5,55.0,70.0,56.0,印制电路板,False
002380,科远智慧,66.5,100.0,53.5,55.0,60.0,64.0,其他,False
002745,木林森,66.5,75.9,85.0,35.0,77.5,64.0,其他,False
002169,智光电气,66.4,91.6,41.5,70.0,77.5,64.0,其他,False
002652,扬子新材,66.3,81.7,68.5,55.0,65.0,64.0,其他,False
603061,金海通,66.1,87.7,67.5,75.0,55.0,32.0,其他,False
603316,诚邦股份,66.1,100.0,52.5,65.0,77.5,32.0,其他,False
003036,泰坦股份,66.1,100.0,53.5,55.0,65.0,56.0,其他,False
600503,华丽家族,66.0,74.1,81.0,30.0,85.0,72.0,其他,False
603663,三祥新材,66.0,81.2,54.5,60.0,85.0,64.0,有色金属,False
603283,赛腾股份,65.8,88.8,60.5,60.0,55.0,64.0,其他,False
600171,上海贝岭,65.7,48.9,85.0,60.0,77.5,72.0,其他,False
603979,金诚信,65.7,52.9,73.0,80.0,70.0,64.0,其他,False
600563,法拉电子,65.7,100.0,53.5,40.0,77.5,64.0,其他,False
002273,水晶光电,65.6,81.8,75.0,45.0,70.0,56.0,其他,False
001259,利仁科技,65.6,100.0,52.5,70.0,65.0,32.0,其他,False
603608,天创时尚,65.5,93.2,66.5,50.0,55.0,56.0,其他,False
601677,明泰铝业,65.3,62.0,73.5,60.0,70.0,72.0,有色金属、工业金属,True
002371,北方华创,65.3,92.0,56.5,55.0,60.0,64.0,其他,False
605018,长华集团,65.2,69.0,70.5,50.0,77.5,72.0,其他,False
603990,麦迪科技,65.2,80.3,66.5,45.0,70.0,72.0,其他,False
002384,东山精密,65.2,88.5,58.5,65.0,55.0,56.0,印制电路板,False
002606,大连电瓷,65.1,83.4,56.5,70.0,65.0,52.0,其他,False
601566,九牧王,65.1,69.1,62.5,55.0,85.0,72.0,其他,False
600888,新疆众和,65.0,88.2,62.5,30.0,85.0,72.0,有色金属、工业金属,False
603068,博通集成,64.9,55.6,70.5,70.0,70.0,72.0,其他,False
605303,园林股份,64.9,100.0,62.5,25.0,85.0,56.0,其他,False
000716,黑芝麻,64.9,57.5,65.5,70.0,85.0,64.0,其他,False
603439,三力制药,64.5,87.4,57.5,40.0,85.0,64.0,其他,False
002952,亚世光电,64.5,67.2,73.5,60.0,70.0,56.0,其他,False
600885,宏发股份,64.5,71.9,66.5,55.0,65.0,72.0,新能源汽车,False
603800,洪田股份,64.4,95.5,56.5,35.0,77.5,64.0,其他,False
605500,森林包装,64.3,90.4,53.5,35.0,85.0,72.0,其他,False
600172,黄河旋风,64.3,88.3,58.5,60.0,55.0,56.0,激光设备,False
000962,东方钽业,64.2,88.4,66.5,35.0,70.0,64.0,其他,False
000636,风华高科,64.2,100.0,53.5,55.0,40.0,64.0,元件,False
000404,长虹华意,63.9,86.9,66.5,35.0,70.0,64.0,其他,False
000657,中钨高新,63.8,63.8,56.5,85.0,65.0,56.0,有色金属,False
600584,长电科技,63.8,100.0,53.5,35.0,77.5,56.0,其他,False
605358,立昂微,63.8,86.0,60.5,60.0,65.0,44.0,其他,False
600310,广西能源,63.8,79.3,68.5,50.0,65.0,56.0,其他,False
002775,文科股份,63.7,55.8,61.5,70.0,77.5,72.0,其他,False
603989,艾华集团,63.7,100.0,53.5,25.0,85.0,64.0,元件、被动元件,False
001326,联域股份,63.6,80.5,52.5,55.0,77.5,64.0,其他,False
603375,盛景微,63.5,93.3,66.5,25.0,70.0,64.0,其他,False
002786,银宝山新,63.4,62.0,70.5,65.0,60.0,64.0,其他,False
002008,大族激光,63.4,82.1,48.5,70.0,65.0,56.0,激光设备,False
002993,奥海科技,63.3,96.6,62.5,20.0,77.5,64.0,其他,False
002272,川润股份,63.3,98.2,57.5,20.0,85.0,64.0,其他,False
603012,创力集团,63.3,77.0,74.0,35.0,70.0,64.0,其他,False
000021,深科技,63.2,82.2,60.5,45.0,70.0,64.0,其他,False
603373,安邦护卫,63.2,80.5,62.5,40.0,77.5,64.0,其他,False
002678,珠江钢琴,63.1,55.6,85.0,45.0,65.0,72.0,其他,False
002281,光迅科技,63.1,89.9,60.5,65.0,55.0,32.0,其他,False
603067,振华股份,63.0,81.8,66.5,45.0,65.0,56.0,其他,False
603001,奥康国际,62.9,79.9,54.5,45.0,85.0,64.0,其他,False
603228,景旺电子,62.9,94.9,66.5,25.0,70.0,56.0,印制电路板,False
603976,正川股份,62.9,79.3,62.5,30.0,85.0,72.0,其他,False
003030,祖名股份,62.8,71.3,60.5,60.0,65.0,64.0,其他,False
000417,合百集团,62.8,94.7,66.5,10.0,85.0,64.0,其他,False
603919,金徽酒,62.8,67.7,77.5,35.0,77.5,64.0,其他,False
600460,士兰微,62.8,70.9,70.5,40.0,77.5,64.0,其他,False
603938,三孚股份,62.7,87.4,60.5,65.0,70.0,20.0,其他,False
600969,郴电国际,62.7,60.0,73.0,50.0,77.5,64.0,其他,False
002138,顺络电子,62.7,86.4,62.5,30.0,77.5,64.0,元件,False
600578,京能电力,62.3,97.3,53.5,35.0,70.0,56.0,其他,False
601021,春秋航空,62.3,42.8,61.5,75.0,85.0,72.0,其他,False
603255,鼎际得,62.3,55.1,66.5,65.0,65.0,72.0,其他,False
603867,新化股份,62.2,76.6,66.5,45.0,60.0,64.0,其他,False
603270,金帝股份,62.2,61.3,67.5,60.0,70.0,60.0,其他,False
002364,中恒电气,62.2,79.2,70.5,50.0,47.5,56.0,其他,False
601138,工业富联,62.1,56.4,56.5,80.0,65.0,64.0,其他,False
603078,江化微,62.1,86.8,56.5,50.0,60.0,56.0,其他,False
600226,亨通股份,62.1,72.3,66.5,35.0,85.0,64.0,其他,False
603232,格尔软件,62.0,49.6,61.5,70.0,85.0,64.0,其他,False
603688,石英股份,62.0,89.3,70.5,25.0,65.0,56.0,有色金属,False
002196,方正电机,62.0,53.2,73.5,65.0,60.0,64.0,其他,False
601518,吉林高速,61.9,56.0,61.5,65.0,70.0,72.0,其他,False
605020,永和股份,61.9,67.7,62.5,60.0,60.0,64.0,其他,False
000969,安泰科技,61.9,44.7,73.0,60.0,77.5,72.0,其他,False
002442,龙星科技,61.8,94.6,66.5,5.0,85.0,64.0,其他,False
002669,康达新材,61.8,51.0,66.5,65.0,77.5,64.0,其他,False
600999,招商证券,61.7,59.4,60.5,70.0,55.0,72.0,其他,False
603303,得邦照明,61.7,93.4,70.5,5.0,77.5,64.0,其他,False
001332,锡装股份,61.7,61.7,58.5,75.0,55.0,64.0,其他,False
002747,埃斯顿,61.6,80.2,52.5,40.0,85.0,64.0,激光设备,False
600577,精达股份,61.6,57.4,70.5,50.0,70.0,72.0,其他,False
603125,常青科技,61.6,76.5,60.5,70.0,40.0,52.0,其他,False
603124,江南新材,61.5,67.2,52.5,65.0,70.0,64.0,其他,False
603116,红蜻蜓,61.5,83.8,70.5,40.0,47.5,56.0,其他,False
603226,菲林格尔,61.5,95.6,66.5,20.0,55.0,64.0,其他,False
603728,鸣志电器,61.4,53.4,70.5,60.0,60.0,72.0,其他,False
001301,尚太科技,61.4,71.8,73.5,35.0,65.0,64.0,其他,False
600203,福日电子,61.4,51.6,56.5,65.0,85.0,72.0,其他,False
002832,比音勒芬,61.3,67.7,46.5,75.0,55.0,72.0,其他,False
002585,双星新材,61.3,86.8,70.5,35.0,47.5,56.0,其他,False
000997,新 大 陆,61.3,61.0,70.5,40.0,85.0,64.0,其他,False
605111,新洁能,61.2,98.2,66.5,30.0,40.0,56.0,其他,False
603880,南卫股份,61.2,78.1,60.5,35.0,77.5,64.0,其他,False
603730,岱美股份,61.2,91.5,62.5,10.0,77.5,72.0,其他,False
603661,恒林股份,61.2,71.0,61.5,45.0,65.0,72.0,其他,False
603701,德宏股份,61.1,52.8,68.5,65.0,55.0,72.0,其他,False
603790,雅运股份,61.1,73.5,67.5,65.0,70.0,20.0,其他,False
603075,热威股份,61.1,59.4,66.5,45.0,77.5,72.0,其他,False
003019,宸展光电,61.0,80.1,73.5,10.0,85.0,64.0,其他,False
001309,德明利,60.9,74.6,46.5,100.0,40.0,32.0,其他,False
002893,京能热力,60.9,58.5,65.5,60.0,77.5,52.0,其他,False
603693,江苏新能,60.8,83.3,73.5,15.0,77.5,56.0,其他,False
603269,海鸥股份,60.8,82.1,52.5,65.0,55.0,44.0,其他,False
002613,北玻股份,60.8,71.9,81.0,10.0,85.0,64.0,其他,False
603931,格林达,60.8,100.0,66.5,10.0,65.0,56.0,其他,False
600350,山东高速,60.7,74.8,53.5,40.0,77.5,72.0,其他,False
002518,科士达,60.7,76.2,57.5,65.0,47.5,52.0,其他,False
601939,建设银行,60.7,52.8,73.5,45.0,65.0,80.0,其他,False
600303,曙光股份,60.7,73.2,73.5,25.0,85.0,52.0,其他,False
000429,粤高速Ａ,60.6,48.6,73.5,55.0,65.0,72.0,其他,False
600353,旭光电子,60.6,85.4,57.5,40.0,55.0,64.0,其他,False
002886,沃特股份,60.5,68.3,56.5,55.0,67.5,64.0,其他,False
603085,天成自控,60.5,60.5,67.5,65.0,57.5,52.0,其他,False
603213,XD镇洋发,60.5,50.1,73.5,35.0,85.0,80.0,其他,False
002674,兴业科技,60.4,72.3,62.5,30.0,77.5,72.0,其他,False
603002,宏昌电子,60.4,81.5,68.5,35.0,55.0,56.0,其他,False
600596,新安股份,60.4,54.6,61.5,55.0,85.0,64.0,其他,False
000670,盈方微,60.2,60.4,58.5,50.0,85.0,64.0,其他,False
603127,昭衍新药,60.2,57.8,73.5,60.0,65.0,44.0,其他,False
002885,京泉华,60.2,90.5,52.5,50.0,70.0,32.0,元件、被动元件,False
603711,香飘飘,60.1,58.6,67.5,75.0,32.5,60.0,其他,False
000685,中山公用,60.1,56.7,73.5,55.0,70.0,48.0,其他,False
002134,天津普林,60.0,76.4,39.5,65.0,65.0,64.0,其他,False
000811,冰轮环境,60.0,84.0,60.5,50.0,65.0,32.0,其他,False
002443,金洲管道,60.0,81.1,67.5,50.0,47.5,40.0,其他,False
600395,盘江股份,60.0,41.3,73.0,70.0,65.0,60.0,其他,False
002319,乐通股份,59.9,48.0,65.5,60.0,77.5,64.0,其他,False
002032,苏 泊 尔,59.9,50.6,73.5,55.0,55.0,72.0,其他,False
600487,亨通光电,59.9,67.5,58.5,65.0,65.0,44.0,其他,False
000926,福星股份,59.8,63.0,65.5,45.0,70.0,64.0,其他,False
000809,和展能源,59.8,54.9,67.5,65.0,85.0,32.0,其他,False
000695,滨海能源,59.8,60.0,69.0,35.0,85.0,64.0,其他,False
002718,友邦吊顶,59.7,82.0,77.5,10.0,70.0,56.0,其他,False
002067,景兴纸业,59.7,46.9,61.5,60.0,77.5,72.0,其他,False
603155,新亚强,59.7,57.8,60.5,55.0,65.0,72.0,其他,False
603009,北特科技,59.5,73.5,57.5,40.0,70.0,64.0,其他,False
002706,良信股份,59.5,72.5,77.5,25.0,55.0,64.0,其他,False
002979,雷赛智能,59.5,73.9,60.5,70.0,40.0,40.0,其他,False
601872,招商轮船,59.5,56.2,52.5,90.0,70.0,32.0,其他,False
603779,威龙股份,59.4,100.0,53.5,15.0,85.0,44.0,其他,False
603650,彤程新材,59.4,51.5,67.5,55.0,70.0,64.0,其他,False
600376,首开股份,59.3,41.8,65.5,60.0,85.0,64.0,其他,False
001210,金房能源,59.3,71.5,53.5,70.0,45.0,52.0,其他,False
003018,金富科技,59.2,86.1,66.5,30.0,47.5,56.0,其他,False
000700,模塑科技,59.1,75.0,66.5,20.0,77.5,64.0,其他,False
600060,海信视像,59.1,60.9,56.5,50.0,70.0,72.0,其他,False
603956,威派格,59.1,60.3,65.5,30.0,85.0,72.0,其他,False
603305,旭升集团,59.0,48.8,67.5,60.0,55.0,72.0,其他,False
000551,创元科技,59.0,63.3,67.5,55.0,55.0,52.0,其他,False
601168,西部矿业,59.0,53.5,56.5,75.0,65.0,52.0,有色金属,False
002317,众生药业,59.0,85.5,56.5,45.0,47.5,52.0,其他,False
605488,福莱新材,59.0,65.6,73.5,35.0,70.0,52.0,其他,False
000006,深振业Ａ,58.9,67.4,73.5,35.0,65.0,52.0,其他,False
603158,腾龙股份,58.9,79.3,49.5,35.0,77.5,64.0,其他,False
600400,红豆股份,58.9,78.1,67.5,45.0,47.5,44.0,其他,False
601799,星宇股份,58.9,58.2,73.5,45.0,55.0,64.0,其他,False
603025,大豪科技,58.9,45.2,56.5,80.0,65.0,60.0,其他,False
603285,键邦股份,58.9,87.0,63.5,25.0,70.0,44.0,其他,False
002801,微光股份,58.8,54.9,73.5,25.0,85.0,72.0,其他,False
002636,金安国纪,58.8,59.4,52.5,85.0,65.0,32.0,印制电路板,False
603290,斯达半导,58.7,88.8,62.5,10.0,70.0,64.0,其他,False
603936,博敏电子,58.7,99.0,62.5,5.0,65.0,56.0,其他,False
001337,四川黄金,58.7,61.8,46.5,100.0,47.5,32.0,其他,False
600863,华能蒙电,58.5,88.4,54.5,10.0,85.0,64.0,其他,False
000880,潍柴重机,58.5,46.6,63.5,65.0,77.5,52.0,其他,False
002917,金奥博,58.5,57.0,54.5,45.0,85.0,72.0,其他,False
603267,鸿远电子,58.5,85.9,53.5,15.0,85.0,64.0,其他,False
002576,通达动力,58.5,45.6,73.5,40.0,77.5,72.0,其他,False
600903,贵州燃气,58.5,92.4,53.5,35.0,60.0,44.0,其他,False
600791,京能置业,58.4,84.2,49.5,45.0,55.0,56.0,其他,False
002050,三花智控,58.4,56.9,70.5,45.0,60.0,64.0,其他,False
601059,信达证券,58.4,43.2,61.5,60.0,65.0,80.0,其他,False
601126,四方股份,58.4,76.1,60.5,65.0,42.5,32.0,其他,False
600199,金种子酒,58.4,49.5,61.5,45.0,85.0,72.0,其他,False
002254,泰和新材,58.4,84.4,70.5,5.0,67.5,64.0,其他,False
600246,万通发展,58.4,97.8,56.5,5.0,77.5,56.0,其他,False
603040,新坐标,58.3,56.1,54.5,55.0,77.5,64.0,其他,False
601988,中国银行,58.3,46.5,73.5,40.0,65.0,80.0,其他,False
000688,国城矿业,58.3,60.4,52.5,95.0,55.0,20.0,有色金属,False
605055,迎丰股份,58.3,74.2,73.5,25.0,57.5,56.0,其他,False
605151,西上海,58.3,58.3,58.5,55.0,65.0,64.0,其他,False
601963,重庆银行,58.2,51.3,73.5,45.0,55.0,72.0,其他,False
001373,翔腾新材,58.2,62.2,77.5,25.0,65.0,64.0,其他,False
002354,天娱数科,58.1,56.7,67.5,60.0,65.0,40.0,其他,False
600360,华微电子,58.1,68.4,67.5,25.0,85.0,52.0,其他,False
002823,凯中精密,58.1,70.7,66.5,10.0,85.0,72.0,其他,False
603066,音飞储存,58.0,54.1,56.5,85.0,30.0,60.0,其他,False
605168,三人行,57.9,75.5,67.5,65.0,37.5,20.0,其他,False
002338,奥普光电,57.9,51.6,58.5,70.0,55.0,60.0,其他,False
600699,均胜电子,57.9,58.5,77.5,25.0,70.0,64.0,其他,False
002290,禾盛新材,57.9,90.0,73.0,5.0,55.0,56.0,其他,False
603678,火炬电子,57.8,66.0,54.5,35.0,85.0,64.0,元件、被动元件,False
002584,西陇科学,57.8,46.4,65.5,50.0,70.0,72.0,其他,False
603206,嘉环科技,57.8,67.2,67.5,25.0,85.0,52.0,其他,False
600719,大连热电,57.8,76.8,46.5,70.0,70.0,20.0,其他,False
603337,杰克科技,57.7,58.0,61.5,45.0,70.0,64.0,其他,False
002685,华东重机,57.7,58.1,64.5,70.0,57.5,32.0,其他,False
601777,千里科技,57.7,60.6,73.5,40.0,47.5,64.0,其他,False
603997,继峰股份,57.7,44.4,67.5,55.0,70.0,64.0,其他,False
603916,苏博特,57.6,73.9,60.5,50.0,65.0,32.0,其他,False
601163,三角轮胎,57.5,44.6,56.5,60.0,65.0,80.0,其他,False
603679,华体科技,57.5,69.4,60.5,40.0,55.0,64.0,其他,False
600162,香江控股,57.4,50.6,56.5,45.0,85.0,72.0,其他,False
603031,安孚科技,57.4,79.1,60.5,45.0,47.5,44.0,其他,False
002913,奥士康,57.2,73.2,64.5,30.0,65.0,52.0,印制电路板,False
002927,泰永长征,57.2,81.3,70.5,10.0,55.0,64.0,其他,False
000859,国风新材,57.2,59.5,54.5,40.0,85.0,64.0,其他,False
002897,意华股份,57.1,84.3,70.5,5.0,65.0,56.0,其他,False
600566,济川药业,57.1,58.0,85.0,20.0,47.5,72.0,其他,False
002079,苏州固锝,57.0,60.5,46.5,65.0,57.5,64.0,其他,False
603590,康辰药业,57.0,49.5,61.5,50.0,77.5,60.0,其他,False
605058,澳弘电子,57.0,59.2,73.0,25.0,70.0,64.0,其他,False
603637,镇海股份,57.0,73.9,64.5,20.0,65.0,64.0,其他,False
601918,新集能源,56.9,61.4,58.5,50.0,45.0,72.0,其他,False
002158,汉钟精机,56.9,77.7,63.5,30.0,77.5,32.0,其他,False
600575,淮河能源,56.9,53.9,61.5,55.0,55.0,64.0,其他,False
002179,中航光电,56.8,60.7,67.5,40.0,65.0,52.0,其他,False
000159,国际实业,56.8,55.3,61.5,45.0,67.5,64.0,其他,False
002957,科瑞技术,56.8,54.7,68.5,50.0,55.0,56.0,其他,False
000062,深圳华强,56.8,77.2,56.5,65.0,47.5,20.0,其他,False
000100,TCL科技,56.8,42.7,61.5,45.0,85.0,72.0,其他,False
002733,雄韬股份,56.7,67.3,52.5,55.0,70.0,40.0,其他,False
601636,旗滨集团,56.6,60.9,73.5,20.0,70.0,64.0,其他,False
600592,龙溪股份,56.6,45.9,65.5,35.0,85.0,72.0,其他,False
600895,张江高科,56.6,61.7,73.5,10.0,85.0,64.0,其他,False
002266,浙富控股,56.6,67.4,56.5,60.0,40.0,52.0,其他,False
600367,红星发展,56.6,71.0,73.5,10.0,65.0,64.0,其他,False
603120,肯特催化,56.5,74.6,57.5,45.0,55.0,44.0,其他,False
600909,华安证券,56.5,85.4,53.5,10.0,67.5,72.0,其他,False
600396,华电辽能,56.5,82.1,39.5,60.0,65.0,32.0,其他,False
600529,山东药玻,56.5,49.6,69.0,25.0,85.0,72.0,玻纤制造,False
003031,中瓷电子,56.5,67.6,58.5,70.0,40.0,32.0,其他,False
603626,科森科技,56.4,54.0,73.5,45.0,55.0,52.0,其他,False
603179,新泉股份,56.4,76.2,53.5,25.0,70.0,64.0,其他,False
600714,金瑞矿业,56.3,95.6,53.5,5.0,70.0,56.0,其他,False
002422,科伦药业,56.3,56.6,69.0,15.0,85.0,72.0,其他,False
603072,天和磁材,56.3,37.3,73.0,55.0,65.0,60.0,其他,False
600707,彩虹股份,56.3,86.7,62.5,5.0,70.0,56.0,其他,False
002457,青龙管业,56.3,67.1,54.5,30.0,77.5,64.0,其他,False
002845,同兴达,56.2,65.1,60.5,20.0,85.0,64.0,其他,False
600020,中原高速,56.2,41.4,65.5,50.0,57.5,80.0,其他,False
603773,沃格光电,56.2,99.4,52.5,20.0,65.0,32.0,其他,False
600207,安彩高科,56.1,73.5,70.5,5.0,70.0,64.0,其他,False
000801,四川九洲,56.1,30.0,73.0,60.0,70.0,60.0,其他,False
603601,再升科技,56.1,77.3,73.5,5.0,65.0,56.0,其他,False
002967,广电计量,56.1,39.0,56.5,65.0,65.0,72.0,其他,False
603211,晋拓股份,56.1,77.0,58.5,25.0,55.0,64.0,其他,False
002635,安洁科技,55.9,61.5,66.5,20.0,77.5,64.0,其他,False
600458,时代新材,55.9,42.3,61.5,50.0,70.0,72.0,其他,False
605588,冠石科技,55.8,64.5,70.5,5.0,77.5,72.0,其他,False
603662,柯力传感,55.8,54.1,53.5,60.0,45.0,72.0,其他,False
002174,游族网络,55.8,62.0,60.5,45.0,60.0,52.0,其他,False
605589,圣泉集团,55.8,77.2,67.5,25.0,55.0,44.0,其他,False
600611,大众交通,55.7,84.6,50.5,5.0,85.0,64.0,其他,False
002938,鹏鼎控股,55.7,100.0,53.5,10.0,47.5,56.0,其他,False
002980,华盛昌,55.7,100.0,53.5,10.0,47.5,56.0,其他,False
002906,华阳集团,55.7,40.1,69.0,45.0,65.0,72.0,其他,False
600388,龙净环保,55.7,41.9,61.5,65.0,57.5,60.0,其他,False
603706,东方环宇,55.6,49.2,67.5,65.0,42.5,48.0,其他,False
001225,和泰机电,55.6,60.3,54.5,25.0,85.0,72.0,其他,False
605123,派克新材,55.6,52.4,67.5,50.0,42.5,64.0,其他,False
002803,吉宏股份,55.6,65.4,46.5,65.0,47.5,52.0,其他,False
603333,尚纬股份,55.6,52.0,67.5,65.0,45.0,40.0,其他,False
002943,宇晶股份,55.6,69.9,67.5,35.0,65.0,32.0,其他,False
600382,XD广东明,55.6,52.5,61.5,60.0,60.0,44.0,其他,False
600783,鲁信创投,55.5,58.2,73.5,40.0,55.0,44.0,其他,False
002571,德力股份,55.5,40.8,65.5,50.0,70.0,64.0,其他,False
601177,杭齿前进,55.5,49.5,67.5,50.0,47.5,64.0,其他,False
600378,昊华科技,55.5,39.6,64.5,70.0,55.0,52.0,其他,False
603190,亚通精工,55.4,47.1,67.5,60.0,40.0,60.0,其他,False
002815,崇达技术,55.4,55.9,66.0,25.0,77.5,64.0,其他,False
002753,永东股份,55.4,45.2,69.0,25.0,85.0,72.0,其他,False
603099,长白山,55.4,43.0,55.5,65.0,65.0,60.0,其他,False
600415,小商品城,55.3,43.0,67.5,60.0,47.5,60.0,其他,False
002090,金智科技,55.3,41.0,73.0,45.0,65.0,60.0,其他,False
605133,嵘泰股份,55.3,70.1,56.5,40.0,55.0,52.0,其他,False
002768,国恩股份,55.3,59.3,60.5,60.0,50.0,40.0,其他,False
002283,天润工业,55.2,59.7,58.5,65.0,40.0,44.0,其他,False
002012,凯恩股份,55.2,60.7,56.5,20.0,85.0,72.0,其他,False
601222,林洋能源,55.2,50.0,67.5,40.0,65.0,60.0,其他,False
002841,视源股份,55.1,44.7,46.5,65.0,65.0,72.0,其他,False
002126,银轮股份,55.0,76.9,56.5,30.0,55.0,52.0,其他,False
002452,长高电新,55.0,55.7,73.5,40.0,47.5,52.0,其他,False
603045,福达合金,55.0,74.6,39.5,85.0,40.0,20.0,其他,False
002826,易明医药,54.9,32.4,57.0,75.0,85.0,40.0,其他,False
603281,江瀚新材,54.9,57.7,63.5,45.0,55.0,52.0,其他,False
600522,中天科技,54.9,72.1,51.0,65.0,40.0,32.0,其他,False
002025,航天电器,54.9,64.3,52.5,50.0,65.0,44.0,其他,False
603527,众源新材,54.9,57.5,56.5,65.0,37.5,52.0,铜、有色金属、工业金属,False
600449,宁夏建材,54.8,61.0,67.5,35.0,55.0,52.0,其他,False
605128,上海沿浦,54.8,44.1,61.5,50.0,65.0,64.0,其他,False
603416,信捷电气,54.8,60.3,67.5,45.0,40.0,52.0,其他,False
603578,三星新材,54.8,62.3,60.5,25.0,70.0,64.0,其他,False
603596,伯特利,54.8,53.9,61.5,20.0,85.0,72.0,其他,False
000532,华金资本,54.8,46.1,61.5,30.0,85.0,72.0,其他,False
603112,华翔股份,54.8,57.2,56.5,40.0,65.0,64.0,其他,False
601133,柏诚股份,54.7,88.7,53.5,5.0,70.0,56.0,其他,False
002164,宁波东力,54.7,48.9,67.5,50.0,55.0,52.0,其他,False
603587,地素时尚,54.7,41.8,56.5,60.0,55.0,72.0,其他,False
000810,创维数字,54.7,43.2,52.5,65.0,65.0,60.0,其他,False
601991,大唐发电,54.7,73.3,60.5,55.0,45.0,20.0,其他,False
600234,科新发展,54.7,78.9,56.5,30.0,70.0,32.0,其他,False
603156,养元饮品,54.7,70.0,39.0,90.0,40.0,20.0,其他,False
002579,中京电子,54.7,48.7,66.0,35.0,70.0,64.0,印制电路板,False
002277,友阿股份,54.7,53.0,58.5,40.0,60.0,72.0,其他,False
603666,亿嘉和,54.7,63.7,66.5,5.0,77.5,72.0,其他,False
600336,澳柯玛,54.7,67.5,70.5,5.0,70.0,64.0,其他,False
000600,建投能源,54.6,57.6,67.5,40.0,65.0,40.0,其他,False
002847,盐津铺子,54.6,37.3,65.5,75.0,32.5,60.0,其他,False
603259,药明康德,54.6,43.0,46.5,85.0,57.5,48.0,其他,False
002876,三利谱,54.6,46.6,56.5,55.0,65.0,60.0,其他,False
600637,东方明珠,54.6,64.6,61.5,10.0,77.5,72.0,其他,False
600026,中远海能,54.6,48.1,51.5,70.0,70.0,40.0,其他,False
001359,平安电工,54.6,80.0,46.5,50.0,55.0,32.0,其他,False
002617,露笑科技,54.6,62.9,60.5,25.0,67.5,64.0,其他,False
002782,可立克,54.6,86.4,56.5,20.0,70.0,32.0,其他,False
603885,吉祥航空,54.5,39.2,61.5,50.0,77.5,60.0,其他,False
002860,星帅尔,54.5,52.5,66.0,20.0,85.0,64.0,其他,False
001313,粤海饲料,54.5,57.1,57.0,65.0,55.0,32.0,其他,False
603286,日盈电子,54.4,47.1,73.5,35.0,55.0,64.0,其他,False
601598,中国外运,54.4,54.7,73.5,20.0,55.0,72.0,其他,False
002491,通鼎互联,54.4,80.9,39.0,70.0,47.5,20.0,其他,False
003025,思进智能,54.4,45.8,67.5,55.0,55.0,48.0,其他,False
603311,金海高科,54.3,93.1,52.5,10.0,77.5,32.0,其他,False
601609,金田股份,54.3,70.0,60.5,35.0,55.0,44.0,有色金属、工业金属,False
000536,华映科技,54.3,52.1,61.5,20.0,85.0,72.0,其他,False
002387,维信诺,54.3,49.4,67.5,20.0,77.5,72.0,其他,False
600834,申通地铁,54.2,39.8,73.0,20.0,85.0,72.0,其他,False
603690,至纯科技,54.2,65.6,66.5,10.0,70.0,64.0,其他,False
001965,招商公路,54.2,47.5,56.5,50.0,55.0,72.0,其他,False
002881,美格智能,54.1,58.5,57.5,20.0,77.5,72.0,其他,False
002432,九安医疗,54.1,63.2,56.5,50.0,65.0,32.0,其他,False
600030,中信证券,54.0,35.2,53.5,70.0,65.0,60.0,其他,False
601137,博威合金,54.0,55.4,66.5,25.0,65.0,64.0,铜、有色金属、工业金属,False
002963,豪尔赛,54.0,61.9,67.5,55.0,40.0,28.0,其他,False
002577,雷柏科技,54.0,55.9,60.5,50.0,40.0,60.0,其他,False
002806,华锋股份,53.9,61.2,66.5,5.0,85.0,64.0,其他,False
002703,浙江世宝,53.9,57.3,54.5,25.0,85.0,64.0,其他,False
603198,迎驾贡酒,53.9,46.3,52.5,70.0,65.0,40.0,其他,False
603289,泰瑞机器,53.9,52.5,69.0,25.0,65.0,64.0,其他,False
000692,惠天热电,53.9,48.2,46.5,95.0,32.5,40.0,其他,False
605288,凯迪股份,53.9,75.0,54.5,25.0,70.0,44.0,其他,False
003007,直真科技,53.9,51.2,67.5,65.0,40.0,32.0,其他,False
601608,中信重工,53.9,37.7,61.0,55.0,55.0,72.0,其他,False
603110,东方材料,53.9,78.3,46.5,70.0,32.5,20.0,其他,False
000727,冠捷科技,53.8,52.5,77.5,20.0,55.0,64.0,其他,False
002049,紫光国微,53.8,54.0,39.0,75.0,55.0,52.0,其他,False
605399,晨光新材,53.8,50.1,61.5,35.0,60.0,72.0,其他,False
603399,永杉锂业,53.8,70.0,46.5,80.0,32.5,20.0,有色金属,False
002962,五方光电,53.8,57.6,67.5,25.0,70.0,52.0,其他,False
600452,涪陵电力,53.8,57.8,55.5,40.0,70.0,52.0,其他,False
000980,众泰汽车,53.7,60.2,73.0,25.0,47.5,56.0,其他,False
600366,宁波韵升,53.7,39.6,56.5,70.0,47.5,60.0,磁性材料、金属新材料,False
603920,世运电路,53.6,57.9,70.5,20.0,65.0,56.0,印制电路板,False
000682,东方电子,53.6,47.8,67.5,40.0,55.0,60.0,其他,False
000519,中兵红箭,53.6,38.4,46.5,65.0,77.5,60.0,其他,False
603486,科沃斯,53.6,37.0,73.5,60.0,32.5,60.0,其他,False
002405,四维图新,53.6,42.8,61.5,45.0,70.0,60.0,其他,False
002838,道恩股份,53.6,69.0,39.5,65.0,37.5,52.0,其他,False
600580,卧龙电驱,53.5,47.9,73.5,10.0,77.5,72.0,其他,False
601066,中信建投,53.5,40.4,46.5,70.0,65.0,60.0,其他,False
600601,方正科技,53.5,54.9,46.5,70.0,65.0,32.0,其他,False
600831,广电网络,53.5,72.3,65.5,5.0,60.0,64.0,其他,False
601000,唐山港,53.5,46.3,52.5,65.0,47.5,60.0,其他,False
600237,铜峰电子,53.4,55.9,61.5,10.0,85.0,72.0,其他,False
600029,南方航空,53.4,31.2,61.0,55.0,77.5,60.0,其他,False
605389,长龄液压,53.4,77.6,46.5,60.0,32.5,32.0,其他,False
003026,中晶科技,53.3,74.8,46.5,65.0,30.0,32.0,其他,False
603681,永冠新材,53.3,67.0,56.5,20.0,55.0,72.0,其他,False
002222,福晶科技,53.3,66.1,46.5,70.0,40.0,32.0,其他,False
002397,梦洁股份,53.3,69.5,46.5,60.0,40.0,40.0,其他,False
002766,索菱股份,53.3,62.6,54.5,10.0,85.0,72.0,其他,False
600784,鲁银投资,53.2,51.5,73.5,10.0,67.5,72.0,其他,False
600012,皖通高速,53.2,48.0,58.5,35.0,65.0,72.0,其他,False
002612,朗姿股份,53.2,35.6,61.5,55.0,65.0,60.0,其他,False
603677,奇精机械,53.2,62.8,66.5,5.0,75.0,64.0,其他,False
002472,双环传动,53.2,56.1,60.5,25.0,60.0,72.0,其他,False
002861,瀛通通讯,53.1,56.7,57.5,30.0,65.0,64.0,其他,False
600605,汇通能源,53.1,52.0,46.5,75.0,37.5,52.0,其他,False
002851,麦格米特,53.0,67.4,46.5,35.0,70.0,52.0,其他,False
605056,咸亨国际,53.0,42.3,52.5,50.0,85.0,52.0,其他,False
002036,联创电子,53.0,69.2,54.5,5.0,85.0,64.0,其他,False
603618,杭电股份,53.0,78.3,51.0,55.0,40.0,20.0,其他,False
002150,正泰电源,53.0,67.1,54.5,25.0,70.0,52.0,其他,False
000338,潍柴动力,52.9,69.3,46.5,50.0,40.0,52.0,其他,False
003022,联泓新科,52.9,60.5,46.5,70.0,47.5,32.0,其他,False
600530,交大昂立,52.9,72.4,55.5,25.0,77.5,32.0,其他,False
600143,金发科技,52.9,37.9,73.5,35.0,65.0,60.0,其他,False
603039,泛微网络,52.9,42.0,58.5,65.0,47.5,52.0,其他,False
002805,丰元股份,52.8,65.7,46.5,80.0,32.5,20.0,其他,False
603638,艾迪精密,52.8,48.9,51.0,70.0,40.0,52.0,其他,False
601882,海天精工,52.7,59.8,67.5,30.0,47.5,52.0,其他,False
600667,太极实业,52.7,75.0,60.5,20.0,55.0,44.0,其他,False
000733,振华科技,52.6,48.6,65.5,10.0,85.0,72.0,其他,False
000672,上峰水泥,52.6,79.1,57.5,10.0,55.0,56.0,其他,False
001308,康冠科技,52.6,45.4,60.5,25.0,77.5,72.0,其他,False
002829,星网宇达,52.5,66.8,54.5,10.0,77.5,64.0,其他,False
002409,雅克科技,52.5,83.8,56.5,10.0,60.0,44.0,其他,False
603324,盛剑科技,52.5,66.8,67.5,5.0,85.0,40.0,其他,False
003013,地铁设计,52.5,48.4,73.5,35.0,40.0,60.0,其他,False
002902,铭普光磁,52.5,69.9,46.5,65.0,32.5,32.0,其他,False
002821,凯莱英,52.5,61.5,52.5,35.0,65.0,52.0,其他,False
603221,爱丽家居,52.4,56.8,73.5,5.0,57.5,72.0,其他,False
600886,国投电力,52.4,42.3,73.0,30.0,47.5,72.0,其他,False
002056,横店东磁,52.4,46.9,65.5,20.0,70.0,72.0,磁性材料、金属新材料,False
603767,中马传动,52.4,59.4,63.5,35.0,67.5,32.0,其他,False
002449,国星光电,52.4,58.6,58.5,5.0,85.0,72.0,其他,False
000045,深纺织Ａ,52.4,37.6,55.5,45.0,70.0,72.0,其他,False
002901,大博医疗,52.3,29.8,61.5,70.0,57.5,48.0,其他,False
603090,宏盛股份,52.3,47.6,73.5,35.0,70.0,32.0,其他,False
001336,楚环科技,52.3,50.6,46.5,70.0,32.5,60.0,其他,False
003043,华亚智能,52.3,63.0,67.5,10.0,70.0,52.0,其他,False
603458,勘设股份,52.3,65.5,51.5,30.0,65.0,52.0,其他,False
002983,芯瑞达,52.3,50.8,70.5,10.0,67.5,72.0,其他,False
603958,哈森股份,52.2,46.3,52.5,55.0,70.0,44.0,其他,False
601995,中金公司,52.2,39.1,46.5,70.0,47.5,68.0,其他,False
603159,上海亚虹,52.2,59.5,66.5,5.0,77.5,60.0,其他,False
001331,胜通能源,52.2,74.6,41.5,15.0,77.5,64.0,其他,False
001226,拓山重工,52.2,46.6,67.5,55.0,42.5,40.0,其他,False
600683,京投发展,52.2,76.4,46.5,60.0,37.5,20.0,其他,False
600110,诺德股份,52.2,53.2,56.5,65.0,57.5,20.0,铜、工业金属,False
002837,英维克,52.2,43.0,77.5,35.0,57.5,44.0,其他,False
000066,中国长城,52.2,75.7,46.5,55.0,47.5,20.0,其他,False
605180,华生科技,52.2,42.8,52.5,40.0,85.0,60.0,其他,False
001314,亿道信息,52.1,64.3,46.5,65.0,32.5,40.0,其他,False
603993,洛阳钼业,52.1,34.9,44.5,85.0,65.0,40.0,有色金属,False
000567,海德股份,52.1,48.0,46.5,95.0,30.0,28.0,其他,False
000012,南 玻Ａ,52.1,53.1,69.0,5.0,85.0,60.0,其他,False
603738,泰晶科技,52.1,71.1,46.5,65.0,40.0,20.0,元件、被动元件,False
600984,建设机械,52.1,62.1,60.5,20.0,55.0,64.0,其他,False
000411,英特集团,52.0,50.2,53.5,20.0,85.0,72.0,其他,False
002625,光启技术,52.0,33.9,44.5,65.0,77.5,60.0,其他,False
002925,盈趣科技,52.0,42.3,55.5,40.0,65.0,72.0,其他,False
603712,七一二,52.0,42.3,61.5,30.0,77.5,64.0,其他,False
600221,海航控股,52.0,36.9,46.5,80.0,55.0,48.0,其他,False
000887,中鼎股份,52.0,57.0,54.5,10.0,85.0,72.0,其他,False
603297,永新光学,52.0,62.4,60.5,35.0,55.0,40.0,其他,False
600236,桂冠电力,52.0,53.1,46.5,75.0,47.5,32.0,其他,False
003028,振邦智能,51.9,41.2,65.5,20.0,77.5,72.0,其他,False
603859,能科科技,51.9,53.1,66.5,15.0,67.5,64.0,其他,False
600576,祥源文旅,51.9,39.5,61.5,35.0,65.0,72.0,其他,False
002192,融捷股份,51.9,51.3,45.5,95.0,32.5,20.0,其他,False
600018,上港集团,51.9,42.2,55.5,40.0,55.0,80.0,其他,False
000837,秦川机床,51.8,54.4,60.5,20.0,60.0,72.0,其他,False
001256,炜冈科技,51.8,48.5,51.0,60.0,40.0,60.0,其他,False
601689,拓普集团,51.8,56.8,60.5,25.0,55.0,64.0,新能源汽车,False
002671,龙泉股份,51.7,29.4,61.0,60.0,57.5,60.0,其他,False
600906,财达证券,51.7,36.3,46.5,70.0,57.5,60.0,其他,False
603726,朗迪集团,51.7,62.6,60.5,25.0,42.5,64.0,其他,False
600626,申达股份,51.7,45.3,61.5,35.0,60.0,64.0,其他,False
603978,深圳新星,51.6,68.2,48.5,60.0,32.5,32.0,其他,False
601727,上海电气,51.6,46.4,67.5,50.0,32.5,52.0,其他,False
002642,荣联科技,51.6,51.2,67.5,35.0,47.5,52.0,其他,False
600500,中化国际,51.6,65.1,67.5,35.0,40.0,32.0,其他,False
600835,上海机电,51.6,48.4,73.5,20.0,65.0,52.0,其他,False
603010,万盛股份,51.5,63.5,56.5,30.0,65.0,40.0,其他,False
002348,高乐股份,51.5,74.6,51.0,50.0,42.5,20.0,其他,False
002189,中光学,51.5,53.4,56.5,35.0,65.0,52.0,其他,False
600977,中国电影,51.5,36.6,63.5,40.0,55.0,72.0,其他,False
600589,大位科技,51.5,62.6,55.5,30.0,65.0,44.0,其他,False
002068,黑猫股份,51.4,61.5,67.5,5.0,60.0,64.0,其他,False
603933,睿能科技,51.4,51.2,46.5,70.0,32.5,52.0,其他,False
000407,胜利股份,51.4,43.7,61.5,35.0,65.0,60.0,其他,False
600961,株冶集团,51.4,41.9,46.5,95.0,32.5,32.0,有色金属、工业金属,False
001319,铭科精技,51.3,33.4,65.5,35.0,77.5,60.0,其他,False
000697,炼石航空,51.3,61.6,46.5,65.0,40.0,32.0,其他,False
600222,太龙药业,51.3,55.0,60.5,25.0,55.0,64.0,其他,False
603353,和顺石油,51.3,83.9,51.0,20.0,57.5,32.0,其他,False
600962,国投中鲁,51.3,72.1,60.5,5.0,65.0,52.0,其他,False
600673,东阳光,51.3,65.0,64.5,30.0,65.0,20.0,有色金属、工业金属、氟化工,False
601198,东兴证券,51.3,44.5,73.5,10.0,65.0,72.0,其他,False
603271,永杰新材,51.2,42.8,52.5,60.0,65.0,40.0,其他,False
600996,贵广网络,51.2,57.8,65.5,5.0,70.0,64.0,其他,False
603819,神力股份,51.2,46.5,56.5,50.0,65.0,40.0,其他,False
603338,浙江鼎力,51.2,45.0,52.5,50.0,55.0,60.0,其他,False
002965,祥鑫科技,51.2,60.5,60.5,25.0,55.0,52.0,其他,False
600433,冠豪高新,51.2,61.6,56.5,55.0,47.5,20.0,其他,False
600798,宁波海运,51.1,36.9,55.5,65.0,40.0,60.0,其他,False
601588,北辰实业,51.1,49.8,46.5,55.0,70.0,40.0,其他,False
002232,启明信息,51.1,34.2,46.5,65.0,65.0,60.0,其他,False
002831,裕同科技,51.1,57.8,51.0,40.0,77.5,32.0,其他,False
000848,承德露露,51.1,41.3,46.5,70.0,32.5,68.0,其他,False
603268,松发股份,51.1,44.2,46.5,90.0,37.5,28.0,其他,False
600015,华夏银行,51.1,37.2,61.5,55.0,47.5,56.0,其他,False
603960,克来机电,51.1,46.6,69.0,10.0,77.5,64.0,其他,False
002664,信质集团,51.0,43.6,48.5,55.0,65.0,52.0,其他,False
600635,大众公用,51.0,39.5,61.5,35.0,70.0,60.0,其他,False
603567,珍宝岛,51.0,60.1,54.5,10.0,70.0,72.0,其他,False
002178,延华智能,51.0,49.8,61.5,5.0,85.0,72.0,其他,False
600593,大连圣亚,51.0,36.3,55.5,70.0,32.5,60.0,其他,False
002406,远东传动,51.0,40.9,58.5,60.0,32.5,60.0,其他,False
603317,天味食品,50.9,52.5,43.5,90.0,25.0,28.0,其他,False
002121,科陆电子,50.9,37.8,61.5,25.0,85.0,64.0,其他,False
002578,闽发铝业,50.9,43.0,40.5,60.0,65.0,60.0,有色金属、工业金属,False
600869,远东股份,50.9,72.5,46.5,50.0,37.5,32.0,其他,False
600546,山煤国际,50.8,52.5,46.5,70.0,37.5,40.0,其他,False
002313,日海智能,50.8,52.0,46.5,70.0,25.0,52.0,其他,False
002787,华源控股,50.8,81.9,44.0,35.0,47.5,32.0,其他,False
603409,汇通控股,50.8,46.2,52.5,65.0,37.5,48.0,其他,False
002205,国统股份,50.7,45.2,55.5,35.0,55.0,72.0,其他,False
600933,爱柯迪,50.7,43.0,65.5,30.0,47.5,72.0,其他,False
002587,奥拓电子,50.7,43.8,46.5,70.0,32.5,60.0,其他,False
601901,方正证券,50.7,38.1,44.5,55.0,65.0,68.0,其他,False
002536,飞龙股份,50.7,78.1,60.5,10.0,47.5,44.0,其他,False
603119,浙江荣泰,50.7,47.9,56.5,65.0,55.0,20.0,其他,False
000582,北部湾港,50.7,62.2,51.0,45.0,47.5,40.0,其他,False
002063,远光软件,50.7,36.8,39.0,75.0,55.0,60.0,其他,False
603999,读者传媒,50.7,43.0,55.5,40.0,77.5,48.0,其他,False
001215,千味央厨,50.6,50.4,46.5,65.0,70.0,20.0,其他,False
002208,合肥城建,50.6,62.4,67.5,35.0,50.0,20.0,其他,False
003033,征和工业,50.6,32.8,61.5,40.0,60.0,72.0,其他,False
603697,有友食品,50.5,29.0,67.5,70.0,40.0,40.0,其他,False
600726,华电能源,50.5,79.1,46.5,55.0,25.0,20.0,其他,False
002346,柘中股份,50.5,45.0,55.5,60.0,47.5,40.0,其他,False
601111,中国国航,50.5,35.5,44.5,55.0,77.5,60.0,其他,False
600293,三峡新材,50.5,43.7,65.5,5.0,85.0,72.0,其他,False
600416,湘电股份,50.5,44.7,57.0,20.0,85.0,64.0,其他,False
002396,星网锐捷,50.5,57.4,60.5,30.0,47.5,52.0,其他,False
002128,电投能源,50.5,40.7,40.5,75.0,55.0,48.0,其他,False
600021,上海电力,50.5,47.6,65.5,10.0,77.5,64.0,其他,False
603719,良品铺子,50.5,38.8,58.5,60.0,32.5,60.0,其他,False
002935,天奥电子,50.4,42.7,56.5,50.0,57.5,48.0,其他,False
601615,明阳智能,50.4,39.1,61.5,25.0,77.5,64.0,其他,False
603501,豪威集团,50.4,57.5,54.5,10.0,70.0,72.0,其他,False
000883,湖北能源,50.3,45.0,51.0,55.0,55.0,48.0,其他,False
603391,力聚热能,50.3,63.6,54.5,10.0,65.0,64.0,其他,False
605218,伟时电子,50.2,48.7,67.5,25.0,70.0,40.0,其他,False
600197,伊力特,50.2,42.1,61.5,15.0,77.5,72.0,其他,False
000856,冀东装备,50.2,47.0,61.0,5.0,85.0,72.0,其他,False
601678,滨化股份,50.2,44.9,63.5,50.0,45.0,40.0,氟化工,False
002825,纳尔股份,50.2,49.2,61.5,25.0,55.0,64.0,其他,False
600368,五洲交通,50.1,42.3,73.0,20.0,57.5,60.0,其他,False
600883,博闻科技,50.1,45.8,46.5,60.0,40.0,60.0,其他,False
002466,天齐锂业,50.1,43.1,53.5,80.0,32.5,28.0,有色金属、新能源汽车,False
002976,瑞玛精密,50.1,73.2,60.5,5.0,47.5,56.0,其他,False
002106,莱宝高科,50.0,52.6,54.5,5.0,85.0,72.0,其他,False
002137,实益达,50.0,42.7,48.5,30.0,77.5,72.0,其他,False
000573,粤宏远Ａ,50.0,38.2,56.5,65.0,47.5,40.0,其他,False
002236,大华股份,50.0,35.7,56.5,55.0,47.5,60.0,其他,False
603383,顶点软件,49.9,32.5,58.5,65.0,32.5,60.0,其他,False
600160,巨化股份,49.9,39.8,40.5,70.0,55.0,52.0,氟化工,False
002326,永太科技,49.9,33.5,52.5,70.0,70.0,28.0,其他,False
002871,伟隆股份,49.9,51.5,60.5,30.0,55.0,52.0,其他,False
603906,龙蟠科技,49.9,48.1,49.5,80.0,37.5,20.0,其他,False
603160,汇顶科技,49.8,35.2,73.0,15.0,77.5,60.0,元件、被动元件,False
600330,天通股份,49.8,76.9,46.5,30.0,65.0,20.0,磁性材料、金属新材料,False
600255,鑫科材料,49.8,35.0,52.5,55.0,55.0,60.0,铜、有色金属、工业金属,False
600497,驰宏锌锗,49.8,48.0,46.5,65.0,55.0,32.0,有色金属,False
600333,长春燃气,49.8,41.0,67.5,50.0,32.5,48.0,其他,False
603150,万朗磁塑,49.8,58.1,46.5,35.0,70.0,44.0,其他,False
603194,中力股份,49.7,45.7,56.5,30.0,65.0,60.0,其他,False
000032,深桑达Ａ,49.7,44.3,67.5,20.0,70.0,52.0,其他,False
000543,皖能电力,49.7,51.8,55.5,20.0,70.0,60.0,其他,False
603132,金徽股份,49.7,26.1,53.5,95.0,40.0,28.0,其他,False
000548,湖南投资,49.7,40.7,57.0,15.0,85.0,72.0,其他,False
600919,江苏银行,49.7,43.5,46.5,40.0,65.0,68.0,其他,False
000933,神火股份,49.7,36.8,40.5,80.0,47.5,48.0,有色金属、工业金属,False
002653,海思科,49.7,29.0,50.5,100.0,32.5,28.0,其他,False
601156,东航物流,49.7,37.3,61.5,40.0,55.0,60.0,其他,False
000783,长江证券,49.6,49.9,46.5,70.0,32.5,40.0,其他,False
000938,紫光股份,49.6,46.3,46.5,80.0,32.5,32.0,其他,False
603466,风语筑,49.6,47.8,73.5,10.0,65.0,52.0,其他,False
002951,金时科技,49.6,47.0,73.0,10.0,55.0,64.0,其他,False
002475,立讯精密,49.6,61.9,46.5,55.0,40.0,32.0,其他,False
603380,易德龙,49.6,58.1,63.5,10.0,77.5,40.0,其他,False
002892,科力尔,49.6,40.4,61.5,20.0,67.5,72.0,其他,False
002171,楚江新材,49.5,35.6,56.5,50.0,60.0,52.0,其他,False
603329,上海雅仕,49.5,42.7,46.5,65.0,32.5,60.0,其他,False
000408,藏格矿业,49.5,29.5,53.5,90.0,40.0,28.0,其他,False
603212,赛伍技术,49.5,42.8,63.0,35.0,47.5,60.0,其他,False
603108,润达医疗,49.5,41.7,63.5,35.0,70.0,40.0,其他,False
603019,中科曙光,49.4,42.9,46.5,65.0,40.0,52.0,其他,False
603667,五洲新春,49.4,60.5,66.5,5.0,55.0,56.0,其他,False
001211,双枪科技,49.3,72.4,60.5,35.0,32.5,20.0,其他,False
603757,大元泵业,49.3,67.8,67.5,10.0,55.0,32.0,其他,False
603703,盛洋科技,49.3,40.0,56.5,35.0,65.0,60.0,其他,False
603369,今世缘,49.3,40.9,55.5,35.0,65.0,60.0,白酒,False
000960,锡业股份,49.2,45.4,46.5,65.0,55.0,32.0,有色金属、工业金属,False
603776,永安行,49.2,47.0,51.5,65.0,32.5,40.0,其他,False
002107,沃华医药,49.2,23.4,53.5,95.0,32.5,36.0,其他,False
600323,瀚蓝环境,49.2,41.7,46.5,70.0,37.5,48.0,其他,False
002655,共达电声,49.2,82.0,56.5,10.0,47.5,32.0,其他,False
600115,中国东航,49.1,33.6,44.5,55.0,77.5,52.0,其他,False
001365,天海电子,49.1,50.0,50.0,45.0,50.0,50.0,其他,False
603100,XD川仪股,49.1,32.4,55.5,60.0,40.0,60.0,其他,False
002011,盾安环境,49.1,44.5,55.5,20.0,67.5,72.0,其他,False
603195,公牛集团,49.1,40.7,47.0,65.0,32.5,60.0,其他,False
603390,通达电气,49.1,50.8,51.0,60.0,32.5,40.0,其他,False
600958,东方证券,49.1,39.8,55.5,40.0,57.5,60.0,其他,False
603360,百傲化学,49.0,52.8,61.5,10.0,70.0,56.0,其他,False
002534,西子洁能,49.0,47.1,61.5,10.0,65.0,72.0,其他,False
605080,浙江自然,49.0,44.6,56.5,25.0,77.5,52.0,其他,False
603181,皇马科技,49.0,36.8,61.5,45.0,55.0,48.0,其他,False
002896,中大力德,49.0,47.3,58.5,25.0,55.0,64.0,其他,False
002887,绿茵生态,49.0,52.2,51.0,65.0,42.5,20.0,其他,False
600496,精工钢构,49.0,43.2,46.5,65.0,40.0,48.0,其他,False
603310,巍华新材,49.0,39.5,67.5,35.0,40.0,60.0,其他,False
600971,恒源煤电,48.9,37.0,53.5,70.0,42.5,36.0,其他,False
002494,华斯股份,48.9,40.2,46.5,70.0,37.5,48.0,其他,False
003001,中岩大地,48.9,70.3,63.5,10.0,55.0,32.0,其他,False
603038,华立股份,48.9,37.2,35.0,70.0,55.0,60.0,其他,False
000612,焦作万方,48.9,34.0,44.5,75.0,55.0,40.0,其他,False
603006,联明股份,48.9,35.6,51.0,70.0,37.5,48.0,其他,False
601101,昊华能源,48.9,70.7,46.5,45.0,32.5,32.0,其他,False
601665,齐鲁银行,48.9,40.8,46.5,50.0,47.5,68.0,其他,False
000027,深圳能源,48.8,49.2,67.5,25.0,47.5,48.0,其他,False
002737,葵花药业,48.8,39.6,50.5,70.0,30.0,48.0,其他,False
603379,三美股份,48.8,35.3,40.5,75.0,60.0,40.0,其他,False
002111,威海广泰,48.8,42.4,46.5,70.0,32.5,48.0,其他,False
002875,安奈儿,48.8,46.5,46.5,70.0,32.5,40.0,其他,False
002520,日发精机,48.8,45.0,55.5,60.0,32.5,40.0,其他,False
603915,国茂股份,48.7,49.1,55.5,50.0,40.0,40.0,其他,False
002353,杰瑞股份,48.7,61.7,46.5,60.0,37.5,20.0,其他,False
603266,天龙股份,48.7,37.2,63.5,40.0,42.5,60.0,其他,False
000629,钒钛股份,48.7,40.8,52.5,55.0,55.0,40.0,其他,False
603330,天洋新材,48.7,39.8,40.5,40.0,85.0,60.0,其他,False
601022,宁波远洋,48.7,37.6,61.5,25.0,70.0,60.0,其他,False
603530,神马电力,48.7,40.0,46.5,90.0,25.0,28.0,其他,False
603308,应流股份,48.7,41.5,46.5,70.0,55.0,28.0,其他,False
600768,宁波富邦,48.7,30.7,46.5,85.0,40.0,40.0,有色金属、工业金属,False
000755,山西高速,48.6,34.1,55.5,60.0,32.5,60.0,其他,False
002843,泰嘉股份,48.6,56.8,46.5,60.0,47.5,20.0,其他,False
002681,奋达科技,48.6,49.9,58.5,5.0,70.0,72.0,其他,False
600816,建元信托,48.5,62.0,55.5,20.0,47.5,52.0,其他,False
002125,湘潭电化,48.5,38.3,52.5,65.0,42.5,40.0,其他,False
000428,华天酒店,48.5,34.0,40.5,65.0,55.0,60.0,其他,False
000767,晋控电力,48.5,61.4,67.5,20.0,45.0,32.0,其他,False
603699,纽威股份,48.5,38.9,46.5,75.0,37.5,40.0,其他,False
002850,科达利,48.5,37.6,54.5,65.0,40.0,40.0,其他,False
603713,密尔克卫,48.4,34.8,44.5,40.0,85.0,60.0,其他,False
600157,永泰能源,48.4,46.1,46.5,35.0,65.0,60.0,其他,False
002709,天赐材料,48.4,44.8,42.5,85.0,37.5,20.0,氟化工,False
002654,万润科技,48.4,53.0,67.5,35.0,37.5,32.0,其他,False
001379,腾达科技,48.4,34.2,44.5,45.0,77.5,60.0,其他,False
601919,中远海控,48.4,44.0,61.5,5.0,65.0,80.0,其他,False
002465,海格通信,48.4,45.7,56.5,25.0,70.0,52.0,其他,False
002166,莱茵生物,48.3,40.8,46.5,60.0,47.5,48.0,其他,False
601061,中信金属,48.3,32.2,46.5,80.0,32.5,48.0,其他,False
000778,新兴铸管,48.3,32.2,44.5,55.0,77.5,48.0,其他,False
002154,报 喜 鸟,48.3,55.4,46.5,55.0,25.0,48.0,其他,False
603093,南华期货,48.2,50.9,46.5,70.0,40.0,20.0,其他,False
001223,欧克科技,48.2,50.7,67.5,35.0,40.0,32.0,其他,False
601929,吉视传媒,48.2,37.3,55.5,35.0,85.0,40.0,其他,False
002132,恒星科技,48.2,65.9,46.5,55.0,32.5,20.0,其他,False
600285,羚锐制药,48.2,34.6,43.5,75.0,32.5,56.0,其他,False
603929,亚翔集成,48.1,42.1,46.5,85.0,32.5,20.0,其他,False
002241,歌尔股份,48.1,42.0,46.5,45.0,55.0,60.0,其他,False
601869,长飞光纤,48.1,47.6,46.5,70.0,32.5,32.0,其他,False
600179,安通控股,48.1,29.9,61.5,50.0,40.0,60.0,其他,False
603806,福斯特,48.1,56.4,56.5,5.0,77.5,52.0,其他,False
603505,金石资源,48.1,55.8,63.5,20.0,52.5,40.0,其他,False
600206,有研新材,48.1,63.3,46.5,50.0,32.5,32.0,有色金属、金属新材料,False
600377,宁沪高速,48.0,42.6,46.5,30.0,55.0,80.0,其他,False
600361,创新新材,48.0,35.4,52.5,45.0,55.0,60.0,其他,False
600630,龙头股份,48.0,34.6,40.5,55.0,65.0,60.0,其他,False
603991,至正股份,48.0,42.1,46.5,65.0,42.5,40.0,其他,False
002048,宁波华翔,48.0,43.4,63.0,5.0,77.5,64.0,其他,False
002591,恒大高新,48.0,51.2,46.5,65.0,32.5,32.0,其他,False
001257,盛龙股份,47.9,50.0,55.5,45.0,47.5,32.0,其他,False
001872,招商港口,47.9,48.1,46.5,45.0,40.0,60.0,其他,False
000559,万向钱潮,47.9,39.1,73.5,10.0,55.0,64.0,其他,False
601838,成都银行,47.9,47.8,46.5,40.0,40.0,68.0,其他,False
000060,中金岭南,47.8,53.4,46.5,60.0,47.5,20.0,有色金属,False
001330,博纳影业,47.8,33.6,60.5,35.0,65.0,52.0,其他,False
002015,协鑫能科,47.8,66.4,46.5,40.0,40.0,32.0,其他,False
601702,华峰铝业,47.8,38.3,61.5,20.0,77.5,52.0,有色金属、工业金属,False
001270,铖昌科技,47.8,44.2,46.5,70.0,50.0,20.0,其他,False
600758,辽宁能源,47.8,61.9,67.5,20.0,37.5,32.0,其他,False
603345,安井食品,47.8,42.9,45.5,70.0,37.5,36.0,其他,False
603327,福蓉科技,47.7,39.1,42.5,65.0,32.5,60.0,其他,False
601878,浙商证券,47.7,33.3,41.5,70.0,30.0,68.0,其他,False
600292,电投水电,47.6,33.2,56.5,40.0,77.5,40.0,其他,False
600694,大商股份,47.6,43.4,46.5,45.0,47.5,60.0,其他,False
002213,大为股份,47.6,59.5,46.5,60.0,32.5,20.0,其他,False
601166,兴业银行,47.6,35.7,57.0,25.0,65.0,68.0,其他,False
600619,海立股份,47.6,36.0,51.0,65.0,42.5,40.0,其他,False
000049,德赛电池,47.6,35.9,52.5,55.0,47.5,48.0,其他,False
002414,高德红外,47.6,29.3,46.5,80.0,32.5,48.0,其他,False
603685,晨丰科技,47.6,49.2,46.5,40.0,65.0,40.0,其他,False
002388,新亚制程,47.6,40.2,46.5,55.0,37.5,60.0,其他,False
000899,赣能股份,47.6,49.8,46.5,50.0,47.5,40.0,其他,False
600615,鑫源智造,47.5,45.0,61.5,5.0,77.5,60.0,有色金属,False
000807,云铝股份,47.5,34.7,40.5,80.0,55.0,28.0,有色金属、工业金属,False
600655,豫园股份,47.5,32.2,44.5,50.0,70.0,56.0,有色金属,False
002226,江南化工,47.5,45.7,55.5,25.0,77.5,40.0,其他,False
603051,鹿山新材,47.5,42.2,46.5,35.0,65.0,60.0,其他,False
605016,百龙创园,47.5,27.1,46.5,85.0,50.0,28.0,其他,False
600572,康恩贝,47.4,31.0,44.5,60.0,55.0,56.0,其他,False
603032,德新科技,47.4,44.8,46.5,75.0,37.5,20.0,其他,False
603306,华懋科技,47.4,55.7,58.5,10.0,47.5,64.0,其他,False
000958,电投产融,47.4,37.5,55.5,40.0,47.5,60.0,其他,False
600446,金证股份,47.4,36.8,67.5,40.0,32.5,52.0,其他,False
601108,财通证券,47.4,30.4,53.5,70.0,30.0,48.0,其他,False
002921,联诚精密,47.4,53.8,46.5,60.0,42.5,20.0,其他,False
002284,亚太股份,47.3,25.9,57.0,55.0,65.0,40.0,其他,False
002810,山东赫达,47.3,47.1,46.5,65.0,47.5,20.0,其他,False
000333,美的集团,47.3,37.5,58.5,40.0,40.0,60.0,其他,False
603276,恒兴新材,47.3,37.1,46.5,70.0,30.0,48.0,其他,False
601199,江南水务,47.2,49.3,46.5,30.0,65.0,52.0,其他,False
603928,兴业股份,47.2,41.1,46.5,55.0,32.5,60.0,其他,False
001269,欧晶科技,47.1,52.5,48.5,5.0,85.0,60.0,其他,False
001335,信凯科技,47.1,43.8,63.5,20.0,47.5,60.0,其他,False
002516,旷达科技,47.1,36.6,46.5,60.0,32.5,60.0,其他,False
601100,恒立液压,47.1,43.3,63.5,40.0,37.5,40.0,其他,False
603013,亚普股份,47.1,35.4,55.5,50.0,32.5,60.0,其他,False
603162,海通发展,47.1,55.0,39.0,65.0,32.5,32.0,其他,False
601700,风范股份,47.1,40.1,39.0,65.0,32.5,60.0,其他,False
000571,新大洲A,47.1,38.5,61.5,40.0,47.5,44.0,其他,False
600116,三峡水利,47.1,38.2,46.5,55.0,37.5,60.0,其他,False
002527,新时达,47.0,37.8,61.5,25.0,55.0,60.0,其他,False
002937,兴瑞科技,47.0,54.5,58.5,30.0,40.0,40.0,其他,False
000701,厦门信达,47.0,39.3,46.5,50.0,42.5,60.0,其他,False
001212,中旗新材,47.0,51.0,46.5,50.0,40.0,40.0,其他,False
001267,汇绿生态,47.0,76.6,46.5,35.0,32.5,20.0,其他,False
002030,达安基因,47.0,52.9,55.5,40.0,55.0,20.0,其他,False
603669,灵康药业,47.0,34.2,44.5,70.0,37.5,48.0,其他,False
600305,恒顺醋业,47.0,34.2,41.5,50.0,55.0,68.0,其他,False
002135,东南网架,47.0,74.7,58.5,5.0,47.5,32.0,其他,False
600535,天士力,46.9,35.1,45.5,65.0,32.5,56.0,其他,False
002948,青岛银行,46.9,42.7,46.5,50.0,47.5,48.0,其他,False
603139,康惠股份,46.9,60.9,46.5,30.0,37.5,52.0,其他,False
600509,天富能源,46.9,63.4,55.5,10.0,55.0,44.0,其他,False
000509,华塑控股,46.9,55.9,55.5,5.0,70.0,52.0,其他,False
603786,科博达,46.9,34.5,61.5,25.0,70.0,52.0,其他,False
600184,光电股份,46.9,54.2,46.5,55.0,32.5,32.0,其他,False
000421,南京公用,46.8,32.4,55.5,60.0,32.5,48.0,其他,False
600927,永安期货,46.8,33.8,46.5,70.0,32.5,48.0,其他,False
600150,中国船舶,46.8,41.9,46.5,65.0,32.5,40.0,其他,False
600037,歌华有线,46.8,34.3,46.5,65.0,40.0,48.0,其他,False
600980,北矿科技,46.8,32.8,46.5,60.0,37.5,60.0,磁性材料、金属新材料,False
601916,浙商银行,46.8,38.2,46.5,40.0,37.5,80.0,其他,False
003000,劲仔食品,46.8,35.2,46.5,60.0,32.5,60.0,其他,False
605098,行动教育,46.8,29.3,53.5,80.0,32.5,28.0,其他,False
002735,王子新材,46.8,29.5,44.5,50.0,65.0,60.0,其他,False
600483,福能股份,46.8,55.6,48.5,10.0,55.0,72.0,其他,False
605117,德业股份,46.7,26.2,46.5,95.0,37.5,20.0,其他,False
000581,威孚高科,46.7,37.9,55.5,40.0,40.0,60.0,其他,False
601992,金隅集团,46.7,35.9,57.0,5.0,85.0,72.0,其他,False
601298,青岛港,46.7,36.3,46.5,50.0,37.5,68.0,其他,False
002755,奥赛康,46.7,41.7,42.5,50.0,65.0,40.0,其他,False
600900,长江电力,46.7,38.5,46.5,50.0,32.5,68.0,其他,False
603683,晶华新材,46.6,40.6,46.5,60.0,32.5,48.0,其他,False
000680,山推股份,46.6,33.2,46.5,75.0,32.5,40.0,其他,False
601827,三峰环境,46.6,36.2,44.5,35.0,65.0,68.0,其他,False
002240,盛新锂能,46.5,47.0,46.5,70.0,32.5,20.0,其他,False
605258,协和电子,46.5,43.9,56.5,20.0,65.0,52.0,其他,False
002301,齐心集团,46.5,64.4,52.5,5.0,55.0,52.0,其他,False
601997,贵阳银行,46.5,41.9,42.5,45.0,40.0,68.0,其他,False
002428,云南锗业,46.5,74.3,46.5,35.0,32.5,20.0,其他,False
601033,永兴股份,46.5,36.3,46.5,60.0,32.5,56.0,其他,False
000036,华联控股,46.5,38.8,46.5,80.0,25.0,28.0,其他,False
002513,蓝丰生化,46.4,34.1,46.5,55.0,40.0,60.0,其他,False
000802,北京文化,46.4,46.8,67.5,35.0,32.5,32.0,其他,False
000553,安道麦A,46.4,42.5,46.5,70.0,32.5,28.0,其他,False
601880,辽港股份,46.4,38.1,34.5,55.0,47.5,68.0,其他,False
601231,环旭电子,46.4,39.7,56.5,35.0,70.0,32.0,其他,False
000737,北方铜业,46.4,31.0,46.5,80.0,40.0,28.0,其他,False
603236,移远通信,46.4,33.0,61.5,30.0,65.0,48.0,其他,False
603966,法兰泰克,46.4,29.0,53.5,70.0,37.5,36.0,其他,False
000593,德龙汇能,46.4,74.2,46.5,35.0,32.5,20.0,其他,False
600000,浦发银行,46.3,30.9,49.5,40.0,55.0,68.0,其他,False
600985,淮北矿业,46.3,47.5,56.5,5.0,85.0,48.0,其他,False
603069,海汽集团,46.3,46.1,52.5,5.0,70.0,72.0,其他,False
605339,南侨食品,46.3,47.3,58.5,5.0,55.0,72.0,其他,False
002563,森马服饰,46.3,42.1,43.5,65.0,25.0,48.0,其他,False
603538,美诺华,46.3,40.6,53.5,65.0,37.5,20.0,其他,False
605177,东亚药业,46.3,40.6,55.5,40.0,40.0,52.0,其他,False
002641,公元股份,46.3,35.5,44.5,55.0,40.0,60.0,其他,False
601816,京沪高铁,46.3,33.6,53.5,45.0,32.5,68.0,其他,False
600279,重庆港,46.3,36.8,55.5,35.0,47.5,60.0,其他,False
601899,紫金矿业,46.2,20.9,34.5,85.0,55.0,48.0,铜、有色金属,False
603063,禾望电气,46.2,83.5,32.0,15.0,47.5,44.0,其他,False
002374,中锐股份,46.2,55.7,55.5,5.0,77.5,40.0,其他,False
603444,吉比特,46.2,16.4,45.5,95.0,37.5,36.0,其他,False
605366,宏柏新材,46.2,54.6,52.5,20.0,70.0,32.0,其他,False
600642,申能股份,46.2,50.8,58.5,5.0,55.0,64.0,其他,False
000967,盈峰环境,46.2,51.3,46.5,60.0,37.5,20.0,其他,False
603815,交建股份,46.2,40.8,56.5,35.0,57.5,40.0,其他,False
601717,中创智领,46.2,39.5,61.5,5.0,77.5,60.0,其他,False
600780,通宝能源,46.2,49.3,46.5,35.0,47.5,52.0,其他,False
603065,宿迁联盛,46.2,35.9,40.5,50.0,55.0,60.0,其他,False
002798,帝欧水华,46.1,64.1,46.5,25.0,32.5,52.0,其他,False
603166,福达股份,46.1,31.5,55.5,45.0,40.0,60.0,其他,False
603057,紫燕食品,46.1,35.6,46.5,60.0,47.5,40.0,其他,False
002216,三全食品,46.1,42.1,45.5,65.0,32.5,36.0,其他,False
002920,德赛西威,46.1,39.0,61.5,5.0,77.5,60.0,其他,False
601699,潞安环能,46.1,43.5,56.5,40.0,42.5,40.0,其他,False
605186,健麾信息,46.1,56.4,60.5,25.0,32.5,40.0,其他,False
002487,大金重工,46.1,33.6,50.5,70.0,40.0,28.0,其他,False
600329,达仁堂,46.1,28.5,46.5,70.0,37.5,48.0,其他,False
601600,中国铝业,46.0,29.6,40.5,70.0,55.0,40.0,有色金属、工业金属,False
001298,好上好,46.0,29.3,55.5,65.0,32.5,40.0,其他,False
002382,蓝帆医疗,46.0,42.8,44.5,55.0,57.5,28.0,其他,False
002918,蒙娜丽莎,46.0,47.6,55.5,40.0,57.5,20.0,其他,False
603026,石大胜华,46.0,41.3,39.5,85.0,30.0,20.0,有色金属、新能源汽车,False
605077,华康股份,46.0,52.1,46.5,35.0,40.0,52.0,其他,False
603229,奥翔药业,46.0,39.2,51.0,50.0,37.5,48.0,其他,False
003037,三和管桩,46.0,38.3,61.5,5.0,77.5,60.0,其他,False
001286,陕西能源,46.0,42.3,46.5,55.0,32.5,48.0,其他,False
603610,麒盛科技,45.9,44.4,67.5,30.0,32.5,40.0,其他,False
002797,第一创业,45.9,31.4,46.5,65.0,37.5,48.0,其他,False
002746,仙坛股份,45.9,35.5,46.5,55.0,32.5,60.0,其他,False
603937,丽岛新材,45.9,56.1,46.5,60.0,25.0,20.0,其他,False
002611,东方精工,45.9,44.8,67.5,25.0,40.0,40.0,其他,False
600725,云维股份,45.9,33.2,61.5,35.0,47.5,52.0,其他,False
002136,安 纳 达,45.9,42.6,46.5,50.0,47.5,40.0,其他,False
000426,兴业银锡,45.8,20.7,46.5,100.0,32.5,20.0,其他,False
002668,TCL智家,45.8,29.5,46.5,70.0,32.5,48.0,其他,False
002609,捷顺科技,45.8,31.1,46.5,60.0,32.5,60.0,其他,False
002603,以岭药业,45.8,30.2,53.5,60.0,32.5,48.0,其他,False
000686,东北证券,45.8,29.1,43.5,70.0,40.0,48.0,其他,False
603508,思维列控,45.7,29.3,46.5,65.0,40.0,48.0,其他,False
002403,爱仕达,45.7,36.9,67.5,25.0,32.5,60.0,其他,False
002039,黔源电力,45.7,37.1,46.5,65.0,32.5,40.0,其他,False
002643,万润股份,45.7,38.9,46.5,45.0,40.0,60.0,其他,False
605318,法狮龙,45.7,50.7,52.5,40.0,32.5,40.0,其他,False
600455,博通股份,45.7,46.2,39.0,50.0,32.5,60.0,其他,False
002366,融发核电,45.6,28.9,46.5,70.0,32.5,48.0,其他,False
605222,起帆电缆,45.6,48.6,46.5,60.0,37.5,20.0,其他,False
000906,浙商中拓,45.6,43.9,46.5,55.0,25.0,48.0,其他,False
605555,德昌股份,45.6,33.7,61.5,20.0,55.0,64.0,其他,False
002460,赣锋锂业,45.6,35.1,50.5,70.0,32.5,28.0,有色金属、新能源汽车,False
002981,朝阳科技,45.5,39.5,61.5,5.0,57.5,72.0,其他,False
601688,华泰证券,45.5,28.4,34.5,70.0,57.5,48.0,其他,False
601375,中原证券,45.5,31.7,34.5,70.0,37.5,60.0,其他,False
002931,锋龙股份,45.5,31.8,61.5,25.0,85.0,32.0,其他,False
002287,奇正藏药,45.5,28.7,38.5,70.0,40.0,56.0,其他,False
601886,江河集团,45.5,34.8,56.5,35.0,55.0,48.0,其他,False
600481,双良节能,45.4,49.8,61.5,5.0,70.0,40.0,其他,False
001236,弘业期货,45.4,25.8,46.5,65.0,45.0,48.0,其他,False
002712,思美传媒,45.4,33.3,46.5,60.0,37.5,48.0,其他,False
002246,北化股份,45.4,38.9,42.5,60.0,65.0,20.0,其他,False
001393,维通利,45.4,50.0,50.0,25.0,50.0,50.0,其他,False
603998,方盛制药,45.3,27.6,38.5,80.0,32.5,48.0,其他,False
600538,国发股份,45.3,43.7,52.5,25.0,55.0,52.0,其他,False
002006,精工科技,45.3,36.0,55.5,35.0,40.0,60.0,其他,False
001380,华纬科技,45.3,36.3,61.5,10.0,55.0,72.0,其他,False
002877,智能自控,45.3,30.6,46.5,55.0,37.5,60.0,其他,False
600925,苏能股份,45.3,36.8,34.5,60.0,32.5,68.0,其他,False
603856,东宏股份,45.3,34.9,44.5,35.0,65.0,60.0,其他,False
600508,上海能源,45.3,44.3,46.5,25.0,57.5,60.0,其他,False
002142,宁波银行,45.3,35.3,50.5,50.0,40.0,48.0,其他,False
600369,西南证券,45.3,32.4,34.5,65.0,55.0,48.0,其他,False
000151,中成股份,45.3,35.2,39.0,65.0,40.0,48.0,其他,False
000088,盐 田 港,45.3,36.7,46.5,40.0,40.0,68.0,其他,False
603489,八方股份,45.3,41.7,46.5,65.0,32.5,28.0,其他,False
603196,璞源材料,45.2,21.0,56.5,75.0,37.5,28.0,其他,False
600480,凌云股份,45.2,45.0,48.5,20.0,55.0,64.0,其他,False
601658,邮储银行,45.2,35.2,40.5,40.0,55.0,68.0,其他,False
600558,大西洋,45.2,36.2,46.5,50.0,32.5,60.0,其他,False
601128,常熟银行,45.2,36.2,46.5,45.0,32.5,68.0,其他,False
600790,轻纺城,45.2,53.6,46.5,40.0,47.5,28.0,其他,False
000833,粤桂股份,45.2,30.0,46.5,85.0,32.5,20.0,其他,False
002708,光洋股份,45.2,54.5,48.5,25.0,40.0,52.0,其他,False
605155,西大门,45.2,38.1,46.5,30.0,70.0,52.0,其他,False
603227,雪峰科技,45.1,39.8,65.5,5.0,45.0,72.0,其他,False
603515,欧普照明,45.1,36.8,52.5,40.0,47.5,48.0,其他,False
603029,天鹅股份,45.1,27.1,43.5,70.0,37.5,48.0,其他,False
002184,海得控制,45.1,36.2,55.5,35.0,37.5,60.0,其他,False
603876,鼎胜新材,45.1,56.7,46.5,55.0,25.0,20.0,有色金属、工业金属,False
601958,金钼股份,45.1,38.8,39.0,65.0,40.0,40.0,有色金属,False
002928,华夏航空,45.0,22.9,44.5,50.0,85.0,40.0,其他,False
600995,南网储能,45.0,37.9,46.5,55.0,32.5,48.0,其他,False
002779,中坚科技,45.0,27.1,61.5,40.0,70.0,28.0,其他,False
002988,豪美新材,45.0,37.1,52.5,40.0,55.0,40.0,其他,False
600482,中国动力,45.0,38.2,53.5,50.0,47.5,28.0,其他,False
002973,侨银股份,45.0,42.1,61.5,10.0,40.0,72.0,其他,False
000565,渝三峡Ａ,45.0,33.8,46.5,60.0,32.5,48.0,其他,False
001218,丽臣实业,45.0,34.1,46.5,65.0,32.5,40.0,其他,False
600109,国金证券,45.0,38.1,46.5,55.0,32.5,48.0,其他,False
603520,司太立,45.0,42.1,51.0,55.0,45.0,20.0,其他,False
600887,伊利股份,45.0,38.1,43.5,60.0,30.0,48.0,其他,False
001277,速达股份,44.9,29.5,46.5,65.0,32.5,48.0,其他,False
603041,美思德,44.9,37.6,46.5,55.0,32.5,48.0,其他,False
600320,振华重工,44.9,32.6,43.5,65.0,32.5,48.0,其他,False
603588,高能环境,44.9,29.4,41.5,85.0,32.5,28.0,其他,False
002966,苏州银行,44.9,33.5,46.5,50.0,40.0,56.0,其他,False
600872,中炬高新,44.9,27.3,50.5,65.0,42.5,36.0,其他,False
000722,湖南发展,44.9,36.0,46.5,75.0,25.0,28.0,其他,False
000782,恒申新材,44.9,67.9,46.5,35.0,32.5,20.0,其他,False
002177,御银股份,44.9,34.0,55.5,45.0,37.5,48.0,其他,False
600973,宝胜股份,44.9,35.2,46.5,65.0,30.0,40.0,其他,False
002510,天汽模,44.9,35.8,51.5,35.0,45.0,60.0,其他,False
601500,通用股份,44.9,37.7,38.5,65.0,32.5,48.0,其他,False
603600,永艺股份,44.8,32.3,46.5,55.0,42.5,48.0,其他,False
002855,捷荣技术,44.8,31.7,56.5,35.0,42.5,60.0,其他,False
002203,海亮股份,44.8,65.2,46.5,25.0,40.0,32.0,铜、有色金属、工业金属,False
603070,万控智造,44.8,60.8,40.5,5.0,60.0,64.0,其他,False
601398,工商银行,44.8,38.3,46.5,40.0,32.5,68.0,其他,False
000042,中洲控股,44.8,51.9,60.5,15.0,25.0,60.0,其他,False
603126,中材节能,44.8,39.5,46.5,65.0,32.5,28.0,其他,False
002820,桂发祥,44.8,29.9,43.5,65.0,37.5,48.0,其他,False
002054,德美化工,44.8,24.4,46.5,65.0,42.5,48.0,其他,False
000723,美锦能源,44.8,26.8,57.0,35.0,65.0,48.0,其他,False
002922,伊戈尔,44.8,37.1,46.5,55.0,50.0,32.0,其他,False
603803,瑞斯康达,44.8,43.9,46.5,65.0,32.5,20.0,其他,False
600540,新赛股份,44.8,30.7,43.5,85.0,25.0,28.0,其他,False
601018,XD宁波港,44.8,31.8,44.5,45.0,55.0,56.0,其他,False
002245,蔚蓝锂芯,44.7,39.1,46.5,60.0,50.0,20.0,其他,False
600356,恒丰纸业,44.7,30.7,56.5,50.0,32.5,48.0,其他,False
600130,波导股份,44.7,47.5,46.5,60.0,32.5,20.0,其他,False
002439,启明星辰,44.7,36.9,46.5,60.0,32.5,40.0,其他,False
603344,星德胜,44.7,43.8,67.5,20.0,40.0,40.0,其他,False
600148,长春一东,44.7,32.7,46.5,60.0,32.5,48.0,其他,False
600988,赤峰黄金,44.7,21.3,41.5,90.0,40.0,28.0,有色金属,False
600582,天地科技,44.7,38.3,44.5,10.0,85.0,68.0,其他,False
002249,大洋电机,44.6,38.6,55.5,25.0,45.0,60.0,其他,False
601828,美凯龙,44.6,40.3,46.5,50.0,32.5,48.0,其他,False
002040,南 京 港,44.6,32.3,46.5,60.0,32.5,48.0,其他,False
603030,全筑股份,44.6,38.7,46.5,65.0,32.5,28.0,其他,False
603615,茶花股份,44.6,30.1,46.5,65.0,37.5,40.0,其他,False
603985,恒润股份,44.6,43.2,46.5,65.0,32.5,20.0,其他,False
000430,张家界,44.6,22.9,46.5,80.0,32.5,36.0,其他,False
603882,金域医学,44.6,32.3,40.5,40.0,77.5,48.0,其他,False
002334,英威腾,44.6,44.8,48.5,25.0,55.0,52.0,其他,False
002715,登云股份,44.6,40.5,46.5,55.0,32.5,40.0,其他,False
000728,国元证券,44.5,32.9,57.0,10.0,77.5,60.0,其他,False
600756,浪潮软件,44.5,33.1,44.5,55.0,42.5,48.0,其他,False
603129,春风动力,44.5,26.5,50.5,65.0,40.0,36.0,其他,False
603992,松霖科技,44.5,22.0,44.5,70.0,50.0,40.0,其他,False
600850,电科数字,44.5,38.1,51.5,20.0,70.0,52.0,其他,False
600182,S佳通,44.5,33.4,42.5,40.0,70.0,48.0,其他,False
002127,南极电商,44.5,48.8,51.0,35.0,37.5,40.0,其他,False
002462,嘉事堂,44.5,32.7,61.0,5.0,77.5,60.0,其他,False
002415,海康威视,44.4,29.7,50.5,65.0,32.5,36.0,其他,False
603507,振江股份,44.4,37.9,46.5,65.0,32.5,28.0,其他,False
603386,骏亚科技,44.4,48.2,55.5,20.0,40.0,52.0,其他,False
002903,宇环数控,44.4,79.1,46.5,10.0,32.5,32.0,其他,False
001202,炬申股份,44.4,33.5,34.5,60.0,40.0,60.0,其他,False
603826,坤彩科技,44.4,37.2,46.5,65.0,42.5,20.0,其他,False
600769,祥龙电业,44.4,46.0,46.5,45.0,57.5,20.0,其他,False
603298,杭叉集团,44.4,39.6,46.5,45.0,40.0,48.0,其他,False
603607,京华激光,44.3,35.8,63.5,25.0,40.0,52.0,其他,False
605011,杭州热电,44.3,47.1,46.5,45.0,32.5,40.0,其他,False
000935,四川双马,44.3,49.5,67.5,15.0,32.5,40.0,其他,False
000552,甘肃能化,44.3,34.0,43.5,60.0,32.5,48.0,其他,False
600177,雅戈尔,44.2,38.8,46.5,45.0,40.0,48.0,其他,False
603296,华勤技术,44.2,54.7,46.5,40.0,32.5,32.0,其他,False
001287,中电港,44.2,41.5,46.5,65.0,32.5,20.0,其他,False
603020,爱普股份,44.2,34.9,53.5,45.0,55.0,28.0,其他,False
603197,保隆科技,44.1,34.6,39.0,50.0,42.5,60.0,其他,False
002600,领益智造,44.1,41.1,67.5,20.0,40.0,40.0,磁性材料、金属新材料,False
600008,首创环保,44.1,39.9,46.5,25.0,47.5,68.0,其他,False
600727,鲁北化工,44.1,38.1,46.5,50.0,32.5,48.0,其他,False
002350,北京科锐,44.1,66.1,46.5,25.0,32.5,32.0,其他,False
600617,国新能源,44.1,44.9,55.5,35.0,32.5,40.0,其他,False
002759,天际股份,44.1,22.8,42.5,90.0,37.5,20.0,其他,False
000506,招金黄金,44.1,10.8,41.5,100.0,40.0,28.0,其他,False
600881,亚泰集团,44.1,36.5,44.5,40.0,65.0,40.0,其他,False
600189,泉阳泉,44.1,30.1,46.5,60.0,32.5,48.0,其他,False
603392,万泰生物,44.1,15.7,53.5,80.0,37.5,28.0,其他,False
605138,盛泰集团,44.1,39.4,46.5,50.0,30.0,48.0,其他,False
605007,五洲特纸,44.1,30.0,53.5,55.0,40.0,36.0,其他,False
002796,世嘉科技,44.1,52.1,52.5,20.0,70.0,20.0,其他,False
001306,夏厦精密,44.1,34.2,67.5,20.0,32.5,60.0,其他,False
600650,锦江在线,44.0,28.1,51.5,20.0,77.5,60.0,其他,False
002532,天山铝业,44.0,27.7,40.5,70.0,55.0,28.0,铜、有色金属、工业金属,False
603049,中策橡胶,44.0,33.8,40.5,40.0,47.5,68.0,其他,False
002327,富安娜,44.0,29.7,46.5,60.0,32.5,48.0,其他,False
000973,佛塑科技,44.0,22.3,45.5,85.0,40.0,20.0,其他,False
002009,天奇股份,44.0,25.7,55.5,60.0,40.0,32.0,其他,False
000885,城发环境,44.0,36.4,43.5,50.0,32.5,56.0,其他,False
603871,嘉友国际,44.0,29.2,44.5,50.0,67.5,36.0,其他,False
002862,实丰文化,44.0,24.2,46.5,75.0,32.5,36.0,其他,False
603307,扬州金泉,44.0,39.3,46.5,50.0,37.5,40.0,其他,False
600847,万里股份,44.0,52.6,67.5,5.0,40.0,40.0,其他,False
600098,广州发展,43.9,41.7,55.5,20.0,40.0,60.0,其他,False
000790,华神科技,43.9,45.3,46.5,45.0,32.5,40.0,其他,False
000953,河化股份,43.9,40.0,63.0,5.0,40.0,72.0,其他,False
600479,千金药业,43.9,34.7,41.5,45.0,47.5,56.0,其他,False
600463,空港股份,43.9,28.0,46.5,65.0,40.0,36.0,其他,False
001231,农心科技,43.9,36.3,46.5,40.0,37.5,60.0,其他,False
603659,璞泰来,43.9,26.6,49.5,70.0,37.5,28.0,新能源汽车,False
002972,科安达,43.9,29.8,43.5,60.0,37.5,48.0,其他,False
001391,国货航,43.9,29.3,55.5,35.0,32.5,68.0,其他,False
002929,润建股份,43.9,72.9,48.5,5.0,45.0,32.0,其他,False
603926,铁流股份,43.9,49.2,51.0,35.0,40.0,32.0,其他,False
002961,瑞达期货,43.8,27.3,46.5,70.0,32.5,36.0,其他,False
603060,国检集团,43.8,44.5,46.5,40.0,32.5,48.0,其他,False
603689,皖天然气,43.8,38.0,51.0,25.0,40.0,68.0,其他,False
000766,通化金马,43.8,37.5,56.5,45.0,40.0,28.0,其他,False
002023,海特高新,43.8,33.2,46.5,60.0,32.5,40.0,其他,False
002830,名雕股份,43.8,32.8,51.0,45.0,40.0,48.0,其他,False
002752,昇兴股份,43.8,36.5,46.5,55.0,25.0,48.0,其他,False
002489,浙江永强,43.8,51.9,67.5,10.0,40.0,32.0,其他,False
603577,汇金通,43.8,40.1,56.5,5.0,65.0,60.0,其他,False
000792,盐湖股份,43.8,24.8,33.5,95.0,32.5,28.0,其他,False
000601,韶能股份,43.8,51.5,46.5,50.0,32.5,20.0,其他,False
002870,香山股份,43.8,49.7,55.5,10.0,47.5,52.0,其他,False
603602,纵横通信,43.7,36.9,55.5,30.0,32.5,60.0,其他,False
002582,好想你,43.7,12.6,50.5,85.0,30.0,36.0,其他,False
000590,古汉医药,43.7,27.0,44.5,60.0,40.0,48.0,其他,False
605305,中际联合,43.7,27.0,50.5,70.0,32.5,28.0,其他,False
601006,大秦铁路,43.7,41.5,51.0,20.0,40.0,68.0,其他,False
002545,东方铁塔,43.7,31.3,46.5,75.0,32.5,20.0,其他,False
002780,三夫户外,43.7,26.4,43.5,80.0,32.5,28.0,其他,False
000966,长源电力,43.7,44.3,39.0,55.0,32.5,40.0,其他,False
000925,众合科技,43.7,39.0,46.5,70.0,25.0,20.0,其他,False
600061,国投资本,43.7,28.8,34.5,75.0,32.5,48.0,其他,False
001387,雪祺电气,43.6,37.8,46.5,35.0,40.0,60.0,其他,False
000952,广济药业,43.6,40.0,46.5,45.0,32.5,48.0,其他,False
600459,贵研铂业,43.6,32.5,44.5,25.0,67.5,64.0,其他,False
600515,海南机场,43.6,22.7,41.5,70.0,37.5,48.0,其他,False
603387,基蛋生物,43.6,36.0,46.5,50.0,32.5,48.0,其他,False
603219,富佳股份,43.6,44.3,67.5,5.0,40.0,52.0,其他,False
600641,先导基电,43.6,52.4,46.5,35.0,40.0,32.0,其他,False
600345,长江通信,43.6,38.6,46.5,65.0,32.5,20.0,其他,False
603868,飞科电器,43.6,45.4,39.0,45.0,32.5,52.0,其他,False
002633,申科股份,43.6,34.0,46.5,55.0,37.5,40.0,其他,False
601666,平煤股份,43.5,39.8,44.5,25.0,77.5,40.0,其他,False
601288,农业银行,43.5,31.3,50.5,45.0,32.5,56.0,其他,False
002702,海欣食品,43.5,26.2,46.5,70.0,32.5,36.0,其他,False
603205,健尔康,43.5,40.0,61.5,10.0,57.5,48.0,其他,False
605287,德才股份,43.5,59.7,56.5,5.0,65.0,20.0,其他,False
000605,渤海股份,43.5,35.7,46.5,45.0,40.0,48.0,其他,False
000598,兴蓉环境,43.5,33.0,41.5,45.0,47.5,56.0,其他,False
600152,维科技术,43.4,49.7,46.5,50.0,32.5,20.0,其他,False
603895,天永智能,43.4,61.0,60.5,5.0,40.0,32.0,其他,False
000823,超声电子,43.4,44.9,46.5,20.0,70.0,40.0,其他,False
002425,凯撒文化,43.4,32.2,46.5,55.0,30.0,48.0,其他,False
002795,永和智控,43.4,39.3,46.5,60.0,37.5,20.0,其他,False
605228,神通科技,43.4,26.1,46.5,65.0,40.0,36.0,其他,False
003021,兆威机电,43.4,45.1,48.5,10.0,55.0,64.0,其他,False
000029,深深房Ａ,43.4,55.5,67.5,5.0,50.0,20.0,其他,False
603533,掌阅科技,43.4,17.1,46.5,75.0,37.5,40.0,其他,False
002474,榕基软件,43.3,37.8,55.5,35.0,40.0,40.0,其他,False
002647,仁东控股,43.3,37.0,46.5,70.0,25.0,20.0,其他,False
002441,众业达,43.3,42.8,55.5,20.0,32.5,60.0,其他,False
603257,中国瑞林,43.3,38.3,46.5,55.0,25.0,40.0,其他,False
600562,国睿科技,43.3,22.1,50.5,60.0,47.5,36.0,其他,False
002115,三维通信,43.3,37.0,46.5,65.0,25.0,28.0,其他,False
002243,力合科创,43.3,27.8,55.5,40.0,40.0,52.0,其他,False
000623,吉林敖东,43.3,31.0,50.5,45.0,40.0,48.0,其他,False
000762,西藏矿业,43.3,34.2,45.5,75.0,25.0,20.0,其他,False
000520,凤凰航运,43.3,27.0,39.0,65.0,40.0,48.0,其他,False
603839,安正时尚,43.2,29.4,43.5,60.0,32.5,48.0,其他,False
600489,中金黄金,43.2,18.7,41.5,85.0,40.0,28.0,有色金属,False
603977,国泰集团,43.2,35.9,56.5,25.0,57.5,40.0,其他,False
000608,阳光股份,43.2,36.6,67.5,15.0,50.0,40.0,其他,False
001358,兴欣新材,43.2,34.2,46.5,50.0,32.5,48.0,其他,False
600717,天津港,43.2,35.8,41.5,40.0,47.5,56.0,其他,False
600778,友好集团,43.2,30.8,46.5,50.0,40.0,48.0,其他,False
000921,海信家电,43.2,43.2,51.0,25.0,32.5,60.0,其他,False
000989,九芝堂,43.1,16.7,45.5,75.0,42.5,36.0,其他,False
600111,北方稀土,43.1,36.3,46.5,60.0,32.5,28.0,有色金属、金属新材料,False
002480,新筑股份,43.1,37.9,46.5,45.0,32.5,48.0,其他,False
600710,苏美达,43.1,30.8,52.5,45.0,47.5,36.0,其他,False
601368,绿城水务,43.1,30.0,34.5,70.0,32.5,48.0,其他,False
002376,新北洋,43.1,30.6,34.5,65.0,40.0,48.0,其他,False
600170,上海建工,43.1,27.3,38.5,60.0,37.5,56.0,其他,False
002695,煌上煌,43.1,39.0,46.5,45.0,30.0,48.0,其他,False
001324,长青科技,43.1,41.0,46.5,35.0,37.5,52.0,其他,False
603320,迪贝电气,43.1,47.2,56.5,5.0,40.0,64.0,其他,False
605099,共创草坪,43.1,32.9,46.5,70.0,32.5,20.0,其他,False
600283,钱江水利,43.1,34.9,44.5,30.0,45.0,68.0,其他,False
000791,甘肃能源,43.1,52.2,46.5,45.0,32.5,20.0,其他,False
603511,爱慕股份,43.1,31.8,46.5,40.0,40.0,60.0,其他,False
002151,北斗星通,43.1,28.4,46.5,70.0,32.5,28.0,其他,False
002412,汉森制药,43.0,37.0,46.5,50.0,25.0,48.0,其他,False
600928,西安银行,43.0,32.1,39.5,55.0,32.5,56.0,其他,False
601019,山东出版,43.0,26.4,43.5,40.0,47.5,68.0,其他,False
603167,渤海轮渡,43.0,36.0,61.5,5.0,47.5,68.0,其他,False
600884,杉杉股份,43.0,33.0,53.5,55.0,32.5,28.0,其他,False
002590,万安科技,43.0,34.2,55.5,25.0,40.0,60.0,其他,False
002622,皓宸医疗,43.0,33.6,46.5,45.0,40.0,48.0,其他,False
002034,旺能环境,43.0,47.3,60.5,15.0,40.0,40.0,其他,False
002066,瑞泰科技,43.0,59.9,63.5,5.0,32.5,32.0,其他,False
000402,金 融 街,43.0,43.9,46.5,55.0,32.5,20.0,其他,False
600009,上海机场,42.9,26.2,41.5,55.0,40.0,56.0,其他,False
600055,万东医疗,42.9,28.4,61.5,25.0,65.0,36.0,其他,False
002812,恩捷股份,42.9,27.2,46.5,70.0,42.5,20.0,其他,False
601158,重庆水务,42.9,32.9,34.5,60.0,32.5,56.0,其他,False
600743,华远控股,42.9,43.1,46.5,55.0,25.0,28.0,其他,False
605208,永茂泰,42.9,33.1,46.5,55.0,32.5,40.0,其他,False
600755,厦门国贸,42.9,30.4,34.5,60.0,37.5,56.0,其他,False
601996,丰林集团,42.9,45.2,46.5,45.0,32.5,32.0,其他,False
000539,粤电力Ａ,42.9,51.2,46.5,50.0,25.0,20.0,其他,False
603808,歌力思,42.9,26.6,48.5,65.0,30.0,36.0,其他,False
600499,科达制造,42.9,28.8,49.5,65.0,32.5,28.0,其他,False
601058,赛轮轮胎,42.9,32.1,40.5,45.0,55.0,48.0,其他,False
002701,奥瑞金,42.8,26.0,33.5,75.0,32.5,48.0,其他,False
002461,珠江啤酒,42.8,33.7,45.5,50.0,32.5,48.0,其他,False
603768,常青股份,42.8,32.7,46.5,45.0,40.0,48.0,其他,False
002608,江苏国信,42.8,43.7,55.5,25.0,40.0,40.0,其他,False
000703,恒逸石化,42.8,28.8,50.5,70.0,30.0,20.0,其他,False
600338,西藏珠峰,42.8,24.6,45.5,80.0,32.5,20.0,铜、有色金属,False
601333,广深铁路,42.8,36.4,38.5,50.0,32.5,56.0,其他,False
603193,润本股份,42.8,30.4,50.5,60.0,25.0,36.0,其他,False
600982,宁波能源,42.8,50.9,46.5,50.0,25.0,20.0,其他,False
000900,现代投资,42.8,33.6,38.5,40.0,55.0,56.0,其他,False
001268,联合精密,42.7,63.7,39.5,5.0,37.5,64.0,其他,False
002722,物产金轮,42.7,25.1,43.5,60.0,37.5,48.0,其他,False
002729,好利科技,42.7,46.4,67.5,10.0,32.5,40.0,其他,False
605122,四方新材,42.7,43.7,46.5,35.0,32.5,48.0,其他,False
002210,飞马国际,42.7,27.3,53.5,65.0,25.0,28.0,其他,False
600185,珠免集团,42.7,22.1,34.5,75.0,37.5,48.0,其他,False
600167,联美控股,42.7,41.3,46.5,15.0,57.5,60.0,其他,False
002275,桂林三金,42.7,28.9,34.5,65.0,40.0,48.0,其他,False
000301,东方盛虹,42.7,31.7,43.5,50.0,40.0,48.0,其他,False
600215,派斯林,42.7,34.3,61.5,20.0,32.5,60.0,其他,False
600153,建发股份,42.7,43.9,46.5,35.0,32.5,48.0,其他,False
603052,可川科技,42.6,62.1,46.5,25.0,40.0,20.0,其他,False
601339,百隆东方,42.6,34.2,50.5,55.0,32.5,28.0,其他,False
601330,绿色动力,42.6,42.0,46.5,50.0,32.5,28.0,其他,False
001205,盛航股份,42.6,35.8,46.5,40.0,40.0,48.0,其他,False
002453,华软科技,42.6,62.0,46.5,5.0,47.5,44.0,其他,False
600989,宝丰能源,42.6,21.7,38.5,80.0,42.5,28.0,其他,False
002167,东方锆业,42.6,37.9,40.5,35.0,65.0,40.0,有色金属,False
000663,永安林业,42.6,29.4,46.5,50.0,37.5,48.0,其他,False
603950,长源东谷,42.6,63.0,46.5,25.0,25.0,32.0,其他,False
000514,渝 开 发,42.6,22.3,46.5,70.0,32.5,36.0,其他,False
603536,惠发食品,42.6,30.6,43.5,55.0,32.5,48.0,其他,False
000881,中广核技,42.5,35.5,46.5,40.0,40.0,48.0,其他,False
002997,瑞鹄模具,42.5,31.5,39.0,60.0,40.0,40.0,其他,False
003029,吉大正元,42.5,27.2,34.5,60.0,50.0,48.0,其他,False
603660,苏州科达,42.5,63.3,46.5,15.0,40.0,32.0,其他,False
600063,皖维高新,42.5,39.1,40.5,20.0,77.5,48.0,其他,False
000526,学大教育,42.5,21.4,46.5,75.0,25.0,36.0,其他,False
002596,海南瑞泽,42.5,38.2,55.5,35.0,32.5,40.0,其他,False
601211,国泰海通,42.5,19.6,38.5,70.0,32.5,56.0,其他,False
002607,中公教育,42.5,27.4,34.5,75.0,37.5,36.0,其他,False
002890,弘宇股份,42.5,34.3,46.5,40.0,42.5,48.0,其他,False
605136,丽人丽妆,42.5,20.5,43.5,65.0,50.0,36.0,其他,False
002568,百润股份,42.5,34.4,39.0,55.0,42.5,40.0,其他,False
000001,平安银行,42.5,32.2,45.5,40.0,40.0,56.0,其他,False
600035,楚天高速,42.4,36.5,55.5,10.0,32.5,80.0,其他,False
603309,维力医疗,42.4,36.2,34.5,45.0,55.0,48.0,其他,False
002028,思源电气,42.4,32.4,40.5,60.0,47.5,28.0,其他,False
002721,金一文化,42.4,27.0,34.5,70.0,32.5,48.0,其他,False
000650,仁和药业,42.4,26.9,38.5,60.0,32.5,56.0,其他,False
603682,锦和商管,42.4,54.4,46.5,40.0,30.0,20.0,其他,False
600744,华银电力,42.4,46.5,46.5,50.0,30.0,20.0,其他,False
603301,振德医疗,42.3,32.4,46.5,40.0,45.0,48.0,其他,False
002046,国机精工,42.3,52.0,46.5,10.0,70.0,32.0,其他,False
600211,西藏药业,42.3,27.0,46.5,50.0,40.0,48.0,其他,False
002756,永兴材料,42.3,30.3,45.5,70.0,32.5,20.0,其他,False
600461,洪城环境,42.3,43.5,58.5,10.0,32.5,60.0,其他,False
600131,国网信通,42.3,34.9,55.5,5.0,65.0,60.0,其他,False
000589,贵州轮胎,42.3,38.4,38.5,50.0,32.5,48.0,其他,False
600795,国电电力,42.3,43.3,55.5,5.0,47.5,60.0,其他,False
603172,万丰股份,42.3,22.9,39.0,70.0,40.0,40.0,其他,False
001317,三羊马,42.3,46.5,46.5,35.0,32.5,40.0,其他,False
002842,翔鹭钨业,42.2,22.8,34.5,95.0,30.0,20.0,有色金属、工业金属,False
000750,国海证券,42.2,32.0,34.5,60.0,37.5,48.0,其他,False
003010,若羽臣,42.2,11.8,33.5,95.0,37.5,36.0,其他,False
002316,亚联发展,42.2,43.5,46.5,5.0,65.0,60.0,其他,False
601009,南京银行,42.2,30.9,45.5,45.0,32.5,56.0,其他,False
000050,深天马Ａ,42.2,33.7,57.0,5.0,85.0,40.0,其他,False
600198,大唐电信,42.1,36.1,46.5,55.0,32.5,28.0,其他,False
603042,华脉科技,42.1,36.0,46.5,55.0,32.5,28.0,其他,False
603176,汇通集团,42.1,35.3,46.5,30.0,40.0,60.0,其他,False
600052,东望时代,42.1,46.3,51.0,5.0,57.5,52.0,其他,False
603080,新疆火炬,42.1,36.6,55.5,25.0,40.0,48.0,其他,False
000690,宝新能源,42.1,41.6,46.5,40.0,32.5,40.0,其他,False
000758,中色股份,42.1,38.7,46.5,30.0,55.0,40.0,有色金属,False
000630,铜陵有色,42.1,35.8,34.5,35.0,77.5,40.0,铜、有色金属、工业金属,False
603500,祥和实业,42.1,21.8,61.5,30.0,50.0,48.0,其他,False
600917,重庆燃气,42.1,34.1,55.5,25.0,45.0,48.0,其他,False
600527,江南高纤,42.1,37.0,53.5,50.0,32.5,20.0,其他,False
003003,天元股份,42.1,29.2,43.5,50.0,40.0,48.0,其他,False
603901,永创智能,42.1,18.2,46.5,60.0,40.0,48.0,其他,False
600600,青岛啤酒,42.1,33.5,33.5,45.0,37.5,68.0,其他,False
002331,皖通科技,42.1,45.4,46.5,35.0,32.5,40.0,其他,False
600312,平高电气,42.1,38.8,46.5,30.0,55.0,40.0,其他,False
002471,中超控股,42.0,21.7,44.5,60.0,57.5,28.0,其他,False
000531,穗恒运Ａ,42.0,45.1,46.5,35.0,32.5,40.0,其他,False
600595,中孚实业,42.0,19.4,40.5,70.0,55.0,28.0,有色金属、工业金属,False
600121,郑州煤电,42.0,40.1,43.5,5.0,85.0,52.0,其他,False
000863,三湘印象,42.0,49.8,55.5,10.0,40.0,44.0,其他,False
000975,山金国际,42.0,9.9,41.5,90.0,40.0,28.0,其他,False
002990,盛视科技,42.0,67.5,46.5,15.0,40.0,20.0,其他,False
601179,中国西电,42.0,33.9,53.5,50.0,30.0,28.0,其他,False
002378,章源钨业,41.9,24.2,34.5,90.0,32.5,20.0,铜、有色金属,False
600712,南宁百货,41.9,36.8,34.5,55.0,32.5,48.0,其他,False
600918,中泰证券,41.9,26.2,38.5,55.0,37.5,56.0,其他,False
000550,江铃汽车,41.9,27.1,50.5,55.0,32.5,36.0,其他,False
000155,川能动力,41.9,21.9,45.5,75.0,30.0,28.0,其他,False
002476,宝莫股份,41.9,30.5,34.5,60.0,37.5,48.0,其他,False
600266,城建发展,41.9,34.4,34.5,55.0,37.5,48.0,其他,False
002495,佳隆股份,41.9,34.4,34.5,55.0,37.5,48.0,其他,False
603097,江苏华辰,41.9,34.4,54.5,5.0,77.5,48.0,其他,False
002998,优彩资源,41.8,35.1,46.5,50.0,40.0,28.0,其他,False
002515,金字火腿,41.8,55.1,58.5,10.0,47.5,20.0,其他,False
601136,首创证券,41.8,22.3,33.5,70.0,40.0,48.0,其他,False
002522,浙江众成,41.8,50.9,46.5,40.0,32.5,20.0,其他,False
002936,郑州银行,41.8,33.7,31.5,40.0,47.5,68.0,其他,False
603848,好太太,41.8,27.2,46.5,65.0,32.5,28.0,其他,False
600665,天地源,41.8,40.2,52.5,5.0,77.5,40.0,其他,False
603048,浙江黎明,41.8,28.9,43.5,50.0,37.5,48.0,其他,False
002900,哈三联,41.8,28.4,34.5,65.0,32.5,48.0,其他,False
601766,中国中车,41.7,28.7,41.5,50.0,32.5,56.0,新能源汽车,False
600105,永鼎股份,41.7,50.5,46.5,40.0,32.5,20.0,其他,False
000507,珠海港,41.7,36.8,55.5,10.0,47.5,60.0,其他,False
603605,珀莱雅,41.7,29.9,40.5,35.0,65.0,48.0,其他,False
002940,昂利康,41.7,29.6,63.5,40.0,40.0,20.0,其他,False
600519,贵州茅台,41.7,23.7,33.5,70.0,40.0,44.0,白酒,False
600549,厦门钨业,41.7,14.3,44.5,85.0,30.0,28.0,有色金属、金属新材料,False
600425,青松建化,41.7,27.0,31.5,65.0,32.5,56.0,其他,False
603018,华设集团,41.7,33.4,46.5,35.0,32.5,60.0,其他,False
603617,君禾股份,41.7,32.1,46.5,40.0,40.0,48.0,其他,False
600941,中国移动,41.6,36.7,46.5,25.0,32.5,68.0,其他,False
002468,申通快递,41.6,34.2,34.5,65.0,32.5,36.0,其他,False
603606,东方电缆,41.6,23.1,41.5,70.0,32.5,36.0,其他,False
601360,三六零,41.6,27.6,34.5,65.0,32.5,48.0,其他,False
600604,市北高新,41.6,39.1,51.5,10.0,85.0,28.0,其他,False
002557,洽洽食品,41.6,25.3,39.5,70.0,32.5,36.0,其他,False
603565,中谷物流,41.6,28.6,30.5,60.0,47.5,48.0,其他,False
000970,中科三环,41.6,27.9,46.5,45.0,40.0,48.0,磁性材料,False
600770,综艺股份,41.6,50.5,53.5,35.0,25.0,20.0,其他,False
600298,安琪酵母,41.6,26.2,40.5,50.0,47.5,48.0,其他,False
002047,宝鹰股份,41.6,26.0,46.5,50.0,57.5,28.0,其他,False
600559,老白干酒,41.5,25.9,41.5,55.0,37.5,48.0,白酒,False
002386,天原股份,41.5,33.9,45.5,55.0,25.0,36.0,其他,False
603351,威尔药业,41.5,32.5,46.5,40.0,37.5,48.0,其他,False
002448,中原内配,41.5,21.8,46.5,70.0,32.5,28.0,其他,False
601377,兴业证券,41.5,28.8,34.5,60.0,37.5,48.0,其他,False
600830,香溢融通,41.5,29.4,46.5,65.0,25.0,28.0,其他,False
601519,大智慧,41.5,31.3,46.5,30.0,65.0,40.0,其他,False
601107,四川成渝,41.5,36.3,39.0,35.0,40.0,60.0,其他,False
002996,顺博合金,41.5,33.7,40.5,40.0,47.5,48.0,其他,False
000037,深南电A,41.5,21.7,46.5,75.0,25.0,28.0,其他,False
002730,电光科技,41.5,62.2,46.5,30.0,22.5,20.0,其他,False
000751,锌业股份,41.5,29.5,46.5,60.0,32.5,28.0,其他,False
002602,世纪华通,41.5,10.4,38.5,95.0,32.5,28.0,其他,False
002347,泰尔股份,41.5,27.9,55.5,25.0,40.0,60.0,其他,False
000651,格力电器,41.5,39.4,43.5,25.0,32.5,68.0,其他,False
001279,强邦新材,41.5,33.6,55.5,25.0,50.0,40.0,其他,False
002648,卫星化学,41.5,23.3,50.5,60.0,37.5,28.0,其他,False
002849,威星智能,41.5,37.0,46.5,30.0,40.0,52.0,其他,False
603217,元利科技,41.4,37.0,46.5,50.0,32.5,28.0,其他,False
002215,诺 普 信,41.4,12.2,33.5,90.0,37.5,36.0,其他,False
002014,永新股份,41.4,26.6,34.5,60.0,32.5,56.0,其他,False
001209,洪兴股份,41.4,30.7,46.5,45.0,32.5,48.0,其他,False
002833,弘亚数控,41.4,41.1,46.5,45.0,32.5,28.0,其他,False
600358,国旅联合,41.4,29.9,46.5,60.0,40.0,20.0,其他,False
001312,福恩股份,41.4,50.0,50.0,25.0,30.0,36.0,其他,False
600502,安徽建工,41.4,29.9,53.5,45.0,32.5,36.0,其他,False
002191,劲嘉股份,41.4,38.4,46.5,35.0,32.5,48.0,其他,False
002926,华西证券,41.4,31.9,38.5,55.0,30.0,48.0,其他,False
603170,宝立食品,41.3,30.5,41.5,50.0,47.5,36.0,其他,False
000812,陕西金叶,41.3,35.4,44.5,25.0,45.0,60.0,其他,False
002919,名臣健康,41.3,50.4,39.0,35.0,40.0,32.0,其他,False
601038,一拖股份,41.3,35.8,34.5,50.0,37.5,48.0,其他,False
601456,国联民生,41.3,31.5,38.5,55.0,30.0,48.0,其他,False
600078,澄星股份,41.3,41.0,46.5,50.0,32.5,20.0,其他,False
002498,汉缆股份,41.3,44.4,46.5,50.0,25.0,20.0,其他,False
600590,泰豪科技,41.3,23.8,53.5,60.0,37.5,20.0,其他,False
603897,长城科技,41.3,50.6,46.5,25.0,40.0,32.0,其他,False
002517,恺英网络,41.2,13.5,41.5,80.0,32.5,36.0,其他,False
605259,绿田机械,41.2,29.2,57.0,5.0,77.5,48.0,其他,False
000620,盈新发展,41.2,44.3,67.5,5.0,32.5,40.0,其他,False
605299,舒华体育,41.2,31.0,45.5,65.0,30.0,20.0,其他,False
601083,锦江航运,41.2,32.0,44.5,25.0,65.0,48.0,其他,False
605189,富春染织,41.2,25.2,46.5,65.0,40.0,20.0,其他,False
603556,海兴电力,41.2,21.1,43.5,40.0,65.0,48.0,其他,False
601696,中银证券,41.2,27.7,34.5,60.0,37.5,48.0,其他,False
600406,国电南瑞,41.2,34.8,46.5,40.0,30.0,48.0,其他,False
603091,众鑫股份,41.1,19.8,46.5,55.0,57.5,28.0,其他,False
601866,中远海发,41.1,35.1,34.5,25.0,65.0,60.0,其他,False
603288,海天味业,41.1,27.8,33.5,60.0,42.5,44.0,其他,False
000719,中原传媒,41.1,33.4,46.5,40.0,32.5,48.0,其他,False
601069,西部黄金,41.1,13.9,41.5,80.0,40.0,28.0,有色金属,False
601077,渝农商行,41.1,33.0,44.5,40.0,37.5,48.0,其他,False
002521,齐峰新材,41.1,30.6,37.5,35.0,65.0,48.0,其他,False
002479,富春环保,41.1,29.7,34.5,60.0,32.5,48.0,其他,False
002429,兆驰股份,41.1,53.4,46.5,25.0,32.5,32.0,其他,False
002250,联化科技,41.1,23.8,44.5,65.0,37.5,28.0,其他,False
002256,兆新股份,41.1,55.4,46.5,35.0,25.0,20.0,其他,False
603076,乐惠国际,41.1,24.2,50.5,65.0,32.5,20.0,其他,False
000679,大连友谊,41.1,33.7,46.5,35.0,40.0,48.0,其他,False
000626,远大控股,41.1,27.5,50.5,60.0,25.0,28.0,其他,False
002120,韵达股份,41.0,32.1,45.5,50.0,32.5,36.0,其他,False
000717,中南股份,41.0,24.8,31.5,65.0,40.0,48.0,其他,False
600158,中体产业,41.0,29.3,46.5,60.0,37.5,20.0,其他,False
603209,兴通股份,41.0,31.7,44.5,35.0,47.5,48.0,其他,False
600820,隧道股份,41.0,30.4,44.5,5.0,77.5,68.0,其他,False
601998,中信银行,41.0,31.4,45.5,40.0,37.5,48.0,其他,False
002402,和而泰,41.0,29.3,46.5,40.0,40.0,48.0,其他,False
603636,南威软件,41.0,46.2,67.5,10.0,40.0,20.0,其他,False
000403,派林生物,41.0,26.9,57.0,10.0,85.0,36.0,其他,False
000008,神州高铁,41.0,29.0,46.5,45.0,32.5,48.0,其他,False
600926,杭州银行,40.9,32.0,36.5,45.0,37.5,56.0,其他,False
603004,鼎龙科技,40.9,22.4,55.5,35.0,42.5,48.0,其他,False
000631,顺发恒能,40.9,35.5,55.5,10.0,65.0,40.0,其他,False
000729,燕京啤酒,40.9,33.4,27.5,60.0,37.5,48.0,其他,False
603015,弘讯科技,40.9,36.2,55.5,10.0,55.0,48.0,其他,False
600135,乐凯胶片,40.9,39.9,46.5,45.0,30.0,28.0,其他,False
003011,海象新材,40.9,33.5,51.5,10.0,77.5,40.0,其他,False
002159,三特索道,40.9,22.1,51.5,50.0,40.0,36.0,其他,False
605289,罗曼股份,40.9,21.2,46.5,70.0,37.5,20.0,其他,False
600598,北大荒,40.9,30.3,31.5,65.0,40.0,36.0,其他,False
600072,中船科技,40.9,24.6,46.5,65.0,30.0,28.0,其他,False
000818,航锦科技,40.9,31.0,63.0,35.0,40.0,20.0,其他,False
601788,光大证券,40.8,25.1,31.5,65.0,37.5,48.0,其他,False
002818,富森美,40.8,40.1,43.5,35.0,30.0,48.0,其他,False
600851,海欣股份,40.8,35.9,44.5,20.0,70.0,40.0,其他,False
605319,无锡振华,40.8,24.4,46.5,45.0,40.0,48.0,其他,False
600007,中国国贸,40.8,35.4,56.5,15.0,32.5,60.0,其他,False
601328,交通银行,40.8,33.6,40.5,40.0,32.5,56.0,其他,False
600300,维维股份,40.8,29.4,33.5,60.0,32.5,48.0,其他,False
603777,来伊份,40.8,68.8,39.0,10.0,37.5,32.0,其他,False
600099,林海股份,40.8,23.2,43.5,60.0,37.5,36.0,其他,False
002303,美盈森,40.7,36.2,55.5,10.0,40.0,60.0,其他,False
002497,雅化集团,40.7,17.0,45.5,70.0,37.5,28.0,有色金属,False
603488,展鹏科技,40.7,45.4,56.5,25.0,37.5,20.0,其他,False
002700,万憬能源,40.7,41.8,46.5,5.0,42.5,72.0,其他,False
002352,顺丰控股,40.7,30.1,41.5,40.0,37.5,56.0,其他,False
601016,节能风电,40.7,65.7,46.5,15.0,32.5,20.0,其他,False
001219,青岛食品,40.7,25.8,50.5,50.0,32.5,36.0,其他,False
600281,华阳新材,40.7,21.5,34.5,65.0,37.5,48.0,其他,False
002824,和胜股份,40.7,26.5,46.5,65.0,32.5,20.0,铜,False
002865,钧达股份,40.7,54.1,39.0,35.0,40.0,20.0,其他,False
002863,今飞凯达,40.6,27.6,34.5,55.0,40.0,48.0,其他,False
000920,沃顿科技,40.6,30.3,44.5,30.0,55.0,48.0,其他,False
000776,广发证券,40.6,26.8,38.5,65.0,30.0,36.0,其他,False
605499,东鹏饮料,40.6,12.0,33.5,80.0,65.0,20.0,其他,False
002688,金河生物,40.6,31.4,34.5,55.0,32.5,48.0,其他,False
601008,连云港,40.6,28.6,34.5,50.0,37.5,56.0,其他,False
001322,箭牌家居,40.6,25.3,55.5,30.0,42.5,48.0,其他,False
600351,亚宝药业,40.6,34.6,50.5,35.0,25.0,48.0,其他,False
002956,西麦食品,40.5,8.8,45.5,85.0,37.5,20.0,其他,False
001333,光华股份,40.5,43.6,55.5,5.0,40.0,52.0,其他,False
603917,合力科技,40.5,26.4,51.5,40.0,40.0,40.0,其他,False
601088,中国神华,40.5,36.9,43.5,25.0,50.0,48.0,其他,False
603191,望变电气,40.5,33.8,55.5,25.0,40.0,40.0,其他,False
603836,海程邦达,40.4,34.3,46.5,35.0,32.5,48.0,其他,False
603700,宁水集团,40.4,22.2,27.5,70.0,40.0,48.0,其他,False
000910,大亚圣象,40.4,35.9,61.5,5.0,55.0,40.0,其他,False
000828,东莞控股,40.4,31.9,34.5,45.0,37.5,56.0,其他,False
000922,佳电股份,40.4,25.1,46.5,50.0,57.5,20.0,其他,False
603909,建发合诚,40.4,25.5,43.5,50.0,32.5,48.0,其他,False
000570,苏常柴Ａ,40.4,28.5,46.5,50.0,32.5,36.0,其他,False
600901,江苏金租,40.4,23.8,50.5,45.0,42.5,36.0,其他,False
600688,上海石化,40.4,30.4,46.5,40.0,32.5,48.0,其他,False
600776,东方通信,40.4,21.5,53.5,60.0,25.0,28.0,其他,False
002029,七 匹 狼,40.4,18.8,50.5,60.0,37.5,28.0,其他,False
002141,贤丰控股,40.3,32.5,40.5,35.0,47.5,48.0,其他,False
601011,宝泰隆,40.3,19.4,44.5,50.0,42.5,48.0,其他,False
603579,荣泰健康,40.3,28.4,46.5,50.0,32.5,36.0,其他,False
603687,大胜达,40.3,48.0,42.5,20.0,57.5,28.0,其他,False
603860,中公高科,40.3,26.4,43.5,45.0,37.5,48.0,其他,False
600674,川投能源,40.3,40.6,46.5,15.0,37.5,60.0,其他,False
603722,阿科力,40.3,35.5,46.5,35.0,37.5,40.0,其他,False
000877,天山股份,40.3,31.6,44.5,5.0,77.5,60.0,其他,False
002033,丽江股份,40.3,13.4,45.5,75.0,25.0,36.0,其他,False
600196,复星医药,40.3,23.3,38.5,55.0,30.0,56.0,其他,False
600992,贵绳股份,40.2,30.4,55.5,20.0,40.0,52.0,其他,False
001896,豫能控股,40.2,53.5,46.5,5.0,70.0,20.0,其他,False
603778,国晟科技,40.2,37.6,42.5,55.0,30.0,20.0,其他,False
002295,精艺股份,40.2,34.8,46.5,30.0,37.5,48.0,铜,False
001230,劲旅环境,40.2,28.6,46.5,50.0,40.0,28.0,其他,False
600685,中船防务,40.2,24.8,31.5,65.0,32.5,48.0,其他,False
600879,航天电子,40.2,21.0,53.5,55.0,32.5,28.0,其他,False
600156,华升股份,40.2,63.4,39.0,20.0,40.0,20.0,其他,False
600750,华润江中,40.2,23.0,40.5,50.0,55.0,36.0,其他,False
000978,桂林旅游,40.2,22.5,40.5,60.0,40.0,36.0,其他,False
600874,创业环保,40.2,30.4,41.5,40.0,32.5,56.0,其他,False
603201,常润股份,40.2,29.8,55.5,25.0,37.5,48.0,其他,False
603214,爱婴室,40.1,25.8,34.5,55.0,40.0,48.0,其他,False
002939,长城证券,40.1,28.9,46.5,40.0,32.5,48.0,其他,False
002123,梦网科技,40.1,33.5,55.5,5.0,70.0,40.0,其他,False
600523,贵航股份,40.1,18.9,38.5,60.0,37.5,48.0,其他,False
002391,长青股份,40.1,29.8,45.5,50.0,30.0,36.0,其他,False
603733,仙鹤股份,40.1,27.9,44.5,35.0,47.5,48.0,其他,False
600498,烽火通信,40.1,45.3,46.5,30.0,32.5,32.0,其他,False
001285,瑞立科密,40.1,29.4,34.5,50.0,40.0,48.0,其他,False
601233,桐昆股份,40.1,24.6,45.5,60.0,32.5,28.0,其他,False
603322,超讯通信,40.1,28.8,51.0,35.0,40.0,40.0,其他,False
600711,盛屯矿业,40.1,16.3,34.5,85.0,32.5,28.0,有色金属,False
002031,巨轮智能,40.1,44.0,67.5,5.0,45.0,20.0,其他,False
002170,芭田股份,40.1,17.3,33.5,75.0,40.0,36.0,其他,False
600362,江西铜业,40.0,27.3,46.5,55.0,32.5,28.0,铜、有色金属、工业金属,False
002186,全 聚 德,40.0,24.2,41.5,60.0,32.5,36.0,其他,False
002202,金风科技,40.0,29.2,34.5,65.0,37.5,28.0,其他,False
002867,周大生,40.0,36.3,46.5,30.0,32.5,48.0,其他,False
600570,恒生电子,40.0,29.3,34.5,50.0,40.0,48.0,其他,False
002309,中利集团,40.0,27.1,46.5,65.0,25.0,20.0,其他,False
600307,酒钢宏兴,40.0,25.7,41.5,50.0,32.5,48.0,其他,False
001288,运机集团,40.0,28.8,63.0,10.0,42.5,52.0,其他,False
001289,龙源电力,39.9,49.1,39.0,15.0,32.5,60.0,其他,False
600698,湖南天雁,39.9,19.2,46.5,65.0,32.5,28.0,其他,False
600155,华创云信,39.9,23.9,31.5,60.0,40.0,48.0,其他,False
002482,广田集团,39.9,23.5,31.5,65.0,32.5,48.0,其他,False
600603,广汇物流,39.9,29.5,61.0,10.0,70.0,28.0,其他,False
001400,江顺科技,39.9,34.8,50.5,45.0,32.5,20.0,其他,False
603518,锦泓集团,39.9,30.8,43.5,45.0,25.0,48.0,其他,False
002950,奥美医疗,39.9,19.5,53.5,60.0,25.0,28.0,其他,False
603130,云中马,39.9,34.0,46.5,35.0,37.5,40.0,其他,False
002051,中工国际,39.8,42.6,46.5,25.0,47.5,28.0,其他,False
600059,古越龙山,39.8,23.9,38.5,55.0,32.5,48.0,其他,False
600262,北方股份,39.8,24.3,55.5,25.0,32.5,60.0,其他,False
603328,依顿电子,39.8,33.8,56.5,5.0,65.0,40.0,其他,False
600188,兖矿能源,39.8,44.1,46.5,25.0,45.0,28.0,其他,False
002157,正邦科技,39.8,39.9,46.5,30.0,32.5,40.0,其他,False
002959,小熊电器,39.8,29.5,57.0,10.0,47.5,56.0,其他,False
000831,中国稀土,39.8,22.3,46.5,60.0,32.5,28.0,有色金属、工业金属,False
002375,亚厦股份,39.7,45.7,39.0,35.0,40.0,28.0,其他,False
600419,天润乳业,39.7,23.7,38.5,50.0,40.0,48.0,其他,False
603014,威高血净,39.7,23.4,30.5,55.0,50.0,48.0,其他,False
603082,北自科技,39.7,38.8,67.5,5.0,52.5,20.0,其他,False
000591,太阳能,39.7,42.2,55.5,15.0,32.5,40.0,其他,False
002145,钛能化学,39.7,28.3,44.5,20.0,67.5,48.0,其他,False
600318,新力金融,39.7,19.5,33.5,70.0,40.0,36.0,其他,False
000957,中通客车,39.7,25.6,50.5,45.0,32.5,36.0,其他,False
002811,郑中设计,39.7,19.2,30.5,70.0,42.5,40.0,其他,False
002247,聚力文化,39.7,36.7,46.5,25.0,37.5,48.0,其他,False
600219,南山铝业,39.7,17.3,51.0,40.0,57.5,36.0,有色金属、工业金属,False
605088,冠盛股份,39.7,29.0,46.5,35.0,37.5,48.0,其他,False
603055,台华新材,39.6,33.9,40.5,25.0,55.0,48.0,其他,False
002880,卫光生物,39.6,31.9,51.5,10.0,47.5,60.0,其他,False
600233,圆通速递,39.6,22.5,45.5,55.0,32.5,36.0,其他,False
002628,成都路桥,39.6,41.1,46.5,35.0,32.5,28.0,其他,False
603336,宏辉果蔬,39.6,55.9,46.5,5.0,37.5,40.0,其他,False
600301,华锡有色,39.6,39.3,46.5,40.0,37.5,20.0,有色金属,False
002299,圣农发展,39.6,22.3,41.5,60.0,32.5,36.0,其他,False
600539,狮头股份,39.6,50.3,56.5,10.0,42.5,20.0,其他,False
600269,赣粤高速,39.6,28.7,38.5,30.0,40.0,68.0,其他,False
000951,中国重汽,39.6,22.2,41.5,65.0,25.0,36.0,其他,False
603899,晨光股份,39.6,27.7,40.5,25.0,67.5,48.0,其他,False
000007,全新好,39.5,29.8,53.5,30.0,57.5,20.0,其他,False
000420,吉林化纤,39.5,29.1,46.5,50.0,32.5,28.0,其他,False
603809,豪能股份,39.5,31.8,39.0,30.0,40.0,60.0,其他,False
600905,三峡能源,39.5,39.3,46.5,10.0,32.5,68.0,其他,False
002748,世龙实业,39.5,25.3,43.5,50.0,37.5,36.0,其他,False
603275,众辰科技,39.5,30.3,46.5,50.0,30.0,28.0,其他,False
603183,建研院,39.5,25.6,43.5,45.0,32.5,48.0,其他,False
605060,联德股份,39.5,21.7,46.5,65.0,32.5,20.0,其他,False
600692,亚通股份,39.4,28.7,34.5,65.0,32.5,28.0,其他,False
002183,怡 亚 通,39.4,61.9,46.5,5.0,32.5,32.0,其他,False
603171,税友股份,39.4,14.5,46.5,65.0,37.5,28.0,其他,False
605266,健之佳,39.4,30.2,50.5,25.0,40.0,48.0,其他,False
600573,惠泉啤酒,39.4,28.6,50.5,45.0,32.5,28.0,其他,False
000858,五 粮 液,39.4,13.1,22.5,95.0,32.5,36.0,白酒,False
002490,山东墨龙,39.4,28.4,38.5,65.0,25.0,28.0,其他,False
600025,华能水电,39.4,34.0,34.5,45.0,32.5,48.0,其他,False
002149,西部材料,39.4,58.0,46.5,5.0,40.0,32.0,其他,False
601818,光大银行,39.4,34.8,43.5,10.0,47.5,68.0,其他,False
600787,中储股份,39.4,24.0,36.5,50.0,32.5,56.0,其他,False
600550,保变电气,39.4,18.2,41.5,70.0,32.5,28.0,其他,False
002293,罗莱生活,39.4,28.2,46.5,55.0,25.0,28.0,其他,False
601098,中南传媒,39.4,37.6,46.5,30.0,25.0,48.0,其他,False
600428,中远海特,39.4,25.1,38.5,50.0,47.5,36.0,其他,False
002105,信隆健康,39.4,26.9,31.5,55.0,37.5,48.0,其他,False
601229,上海银行,39.4,27.0,41.5,40.0,32.5,56.0,其他,False
002945,华林证券,39.3,29.9,34.5,30.0,65.0,48.0,其他,False
600106,重庆路桥,39.3,21.8,46.5,45.0,32.5,48.0,其他,False
603855,华荣股份,39.3,28.5,55.5,20.0,40.0,48.0,其他,False
603949,雪龙集团,39.3,22.1,34.5,55.0,40.0,48.0,其他,False
002985,北摩高科,39.3,15.3,44.5,65.0,30.0,36.0,其他,False
603233,大参林,39.3,24.8,26.5,70.0,40.0,36.0,其他,False
601778,晶科科技,39.3,56.7,46.5,10.0,47.5,20.0,其他,False
002558,巨人网络,39.3,5.8,33.5,95.0,32.5,28.0,其他,False
600548,深高速,39.3,34.8,34.5,30.0,32.5,68.0,其他,False
600560,金自天正,39.3,28.0,43.5,25.0,45.0,60.0,其他,False
000815,美利云,39.3,36.5,46.5,45.0,32.5,20.0,其他,False
600610,中毅达,39.3,21.1,34.5,75.0,40.0,20.0,其他,False
002139,拓邦股份,39.2,27.0,61.5,5.0,55.0,48.0,其他,False
002044,美年健康,39.2,36.3,55.5,25.0,32.5,32.0,其他,False
002176,江特电机,39.2,44.6,45.5,35.0,32.5,20.0,其他,False
002923,润都股份,39.2,14.5,33.5,75.0,37.5,36.0,其他,False
600857,宁波中百,39.2,48.1,55.5,10.0,32.5,32.0,其他,False
600894,广日股份,39.2,25.4,37.5,50.0,47.5,36.0,其他,False
002488,金固股份,39.2,25.6,46.5,50.0,37.5,28.0,其他,False
002507,涪陵榨菜,39.2,30.0,33.5,45.0,32.5,56.0,其他,False
601169,北京银行,39.2,29.9,33.5,45.0,32.5,56.0,其他,False
002072,凯瑞德,39.2,31.7,51.5,20.0,50.0,40.0,其他,False
601001,晋控煤业,39.2,33.4,46.5,35.0,45.0,28.0,其他,False
002530,金财互联,39.2,21.7,34.5,55.0,40.0,48.0,其他,False
603680,今创集团,39.2,27.6,46.5,45.0,32.5,36.0,其他,False
600661,昂立教育,39.2,17.2,33.5,75.0,32.5,36.0,其他,False
603995,甬金股份,39.2,30.7,43.5,45.0,32.5,36.0,其他,False
603363,傲农生物,39.2,18.0,65.5,30.0,32.5,40.0,其他,False
605166,聚合顺,39.2,38.1,52.5,5.0,37.5,60.0,其他,False
002580,圣阳股份,39.2,39.9,46.5,40.0,32.5,20.0,其他,False
000795,英洛华,39.2,29.5,46.5,30.0,40.0,48.0,磁性材料,False
600081,东风科技,39.1,44.3,39.0,30.0,32.5,40.0,其他,False
603022,新通联,39.1,34.2,46.5,25.0,37.5,48.0,其他,False
002022,科华生物,39.1,33.3,34.5,40.0,40.0,48.0,其他,False
002255,海陆重工,39.1,25.2,34.5,55.0,32.5,48.0,其他,False
600276,恒瑞医药,39.1,18.1,41.5,60.0,37.5,36.0,其他,False
603118,共进股份,39.1,31.5,46.5,50.0,32.5,20.0,其他,False
002793,罗欣药业,39.1,12.5,45.5,75.0,25.0,28.0,其他,False
603817,海峡环保,39.1,23.3,38.5,60.0,32.5,36.0,其他,False
002335,科华数据,39.1,31.1,46.5,45.0,32.5,28.0,其他,False
002365,永安药业,39.1,19.7,34.5,70.0,32.5,36.0,其他,False
603506,南都物业,39.1,29.2,43.5,35.0,37.5,48.0,其他,False
603648,畅联股份,39.0,29.0,31.5,50.0,37.5,48.0,其他,False
000089,深圳机场,39.0,33.1,33.5,40.0,32.5,56.0,其他,False
002401,中远海科,39.0,26.0,46.5,35.0,37.5,48.0,其他,False
002615,哈尔斯,39.0,32.6,46.5,30.0,40.0,40.0,其他,False
000796,凯撒旅业,39.0,22.6,37.5,40.0,55.0,48.0,其他,False
000599,青岛双星,39.0,32.9,39.0,40.0,30.0,48.0,其他,False
603163,圣晖集成,39.0,30.4,55.5,35.0,40.0,20.0,其他,False
601366,利群股份,39.0,26.4,44.5,40.0,32.5,48.0,其他,False
000400,许继电气,38.9,30.4,55.5,20.0,32.5,48.0,其他,False
601326,秦港股份,38.9,31.7,34.5,40.0,32.5,56.0,其他,False
002155,湖南黄金,38.9,11.2,38.5,80.0,32.5,28.0,有色金属,False
600315,上海家化,38.9,21.1,33.5,65.0,37.5,36.0,其他,False
002566,益盛药业,38.9,36.1,34.5,40.0,32.5,48.0,其他,False
600229,城市传媒,38.9,32.3,34.5,40.0,40.0,48.0,其他,False
002640,跨境通,38.9,34.3,46.5,50.0,25.0,20.0,其他,False
603188,亚邦股份,38.9,26.6,34.5,65.0,32.5,28.0,其他,False
002074,国轩高科,38.9,19.4,41.5,60.0,32.5,36.0,其他,False
002262,恩华药业,38.8,28.5,33.5,50.0,32.5,48.0,其他,False
600640,国脉文化,38.8,22.5,46.5,50.0,40.0,28.0,其他,False
603358,华达科技,38.8,29.3,44.5,25.0,45.0,52.0,其他,False
603499,翔港科技,38.8,31.5,55.5,25.0,30.0,40.0,其他,False
002546,新联电子,38.8,22.1,34.5,65.0,32.5,36.0,其他,False
002742,三圣股份,38.8,31.0,53.5,35.0,32.5,28.0,其他,False
003009,中天火箭,38.8,16.8,41.5,65.0,37.5,28.0,其他,False
600191,华资实业,38.8,28.4,40.5,35.0,65.0,28.0,其他,False
601933,永辉超市,38.8,19.7,38.5,60.0,37.5,36.0,其他,False
002086,东方海洋,38.8,26.2,41.5,40.0,37.5,48.0,其他,False
603877,太平鸟,38.8,20.3,38.5,50.0,40.0,48.0,其他,False
603967,中创物流,38.8,34.7,46.5,35.0,30.0,36.0,其他,False
600267,海正药业,38.8,29.9,46.5,40.0,32.5,36.0,其他,False
600288,大恒科技,38.8,23.9,34.5,55.0,32.5,48.0,其他,False
000702,正虹科技,38.7,27.1,46.5,35.0,32.5,48.0,其他,False
600622,光大嘉宝,38.7,32.2,34.5,45.0,30.0,48.0,其他,False
603356,华菱精工,38.7,46.1,46.5,5.0,50.0,40.0,其他,False
000878,云南铜业,38.7,22.2,34.5,65.0,40.0,28.0,其他,False
002763,汇洁股份,38.7,37.5,46.5,40.0,32.5,20.0,其他,False
000063,中兴通讯,38.7,35.2,46.5,25.0,40.0,40.0,其他,False
600006,东风股份,38.7,31.1,46.5,30.0,32.5,48.0,其他,False
603153,上海建科,38.7,22.3,33.5,70.0,25.0,36.0,其他,False
600536,中国软件,38.7,35.0,46.5,35.0,37.5,28.0,其他,False
002349,精华制药,38.6,30.8,34.5,45.0,32.5,48.0,其他,False
600232,金鹰股份,38.6,17.5,46.5,60.0,32.5,28.0,其他,False
603400,华之杰,38.6,48.9,39.0,30.0,40.0,20.0,其他,False
000800,一汽解放,38.6,22.3,33.5,65.0,32.5,36.0,其他,False
600587,新华医疗,38.6,28.3,44.5,10.0,65.0,56.0,其他,False
600633,浙数文化,38.6,29.6,53.5,35.0,25.0,36.0,其他,False
002404,嘉欣丝绸,38.6,21.8,43.5,45.0,32.5,48.0,其他,False
600506,统一股份,38.6,11.8,36.0,80.0,42.5,20.0,其他,False
603312,西典新能,38.6,27.3,51.5,5.0,65.0,52.0,其他,False
002010,传化智联,38.6,24.0,41.5,40.0,40.0,48.0,其他,False
000166,申万宏源,38.6,26.3,31.5,50.0,40.0,48.0,其他,False
002061,浙江交科,38.6,30.5,38.5,35.0,32.5,56.0,其他,False
600132,重庆啤酒,38.6,30.3,31.5,45.0,40.0,48.0,其他,False
601579,会稽山,38.6,21.2,46.5,60.0,25.0,28.0,其他,False
000547,航天发展,38.6,13.5,46.5,65.0,32.5,28.0,其他,False
000619,海螺新材,38.6,36.5,34.5,25.0,40.0,60.0,其他,False
002001,新 和 成,38.5,30.0,38.5,50.0,30.0,36.0,其他,False
600807,济高发展,38.5,32.6,44.5,25.0,40.0,48.0,其他,False
600873,梅花生物,38.5,30.9,61.5,5.0,40.0,48.0,其他,False
603799,华友钴业,38.5,19.4,37.5,70.0,30.0,28.0,有色金属、新能源汽车,False
600258,首旅酒店,38.5,18.0,33.5,70.0,32.5,36.0,其他,False
000895,双汇发展,38.5,25.7,33.5,60.0,32.5,36.0,其他,False
002059,云南旅游,38.5,20.3,36.5,60.0,37.5,36.0,其他,False
002204,大连重工,38.5,23.3,41.5,45.0,32.5,48.0,其他,False
601577,长沙银行,38.5,31.2,33.5,40.0,32.5,56.0,其他,False
000544,中原环保,38.4,33.7,34.5,35.0,32.5,56.0,其他,False
002042,华孚时尚,38.4,44.3,52.5,5.0,47.5,32.0,其他,False
002091,江苏国泰,38.4,33.7,46.5,20.0,40.0,48.0,其他,False
603178,圣龙股份,38.4,28.4,58.5,35.0,32.5,20.0,其他,False
601860,紫金银行,38.4,30.6,33.5,40.0,32.5,56.0,其他,False
601868,中国能建,38.4,47.8,46.5,20.0,32.5,28.0,其他,False
002129,TCL中环,38.4,37.2,39.0,35.0,32.5,40.0,其他,False
000712,锦龙股份,38.4,16.8,39.0,65.0,40.0,28.0,其他,False
002328,新朋股份,38.4,44.3,46.5,5.0,65.0,28.0,其他,False
002351,漫步者,38.4,29.0,46.5,15.0,45.0,60.0,其他,False
603888,新华网,38.4,22.0,34.5,55.0,32.5,48.0,其他,False
603237,五芳斋,38.4,31.7,49.5,10.0,55.0,48.0,其他,False
000739,普洛药业,38.4,32.9,46.5,30.0,47.5,28.0,其他,False
000949,新乡化纤,38.4,24.8,46.5,55.0,32.5,20.0,其他,False
002310,东方新能,38.3,39.5,46.5,40.0,25.0,20.0,其他,False
600761,安徽合力,38.3,28.0,46.5,45.0,32.5,28.0,其他,False
601877,正泰电器,38.3,23.3,34.5,60.0,42.5,28.0,其他,False
603980,吉华集团,38.3,14.0,34.5,60.0,40.0,48.0,其他,False
603323,苏农银行,38.3,31.6,33.5,40.0,30.0,56.0,其他,False
002616,长青集团,38.3,34.9,34.5,35.0,37.5,48.0,其他,False
605118,力鼎光电,38.3,18.8,43.5,65.0,25.0,28.0,其他,False
002594,比亚迪,38.3,38.3,41.5,5.0,65.0,48.0,新能源汽车,False
603755,日辰股份,38.3,26.1,31.5,50.0,37.5,48.0,其他,False
601127,赛力斯,38.3,21.5,40.5,40.0,57.5,36.0,其他,False
000537,绿发电力,38.3,43.4,46.5,30.0,25.0,28.0,其他,False
600011,华能国际,38.3,46.4,39.0,5.0,40.0,60.0,其他,False
002888,惠威科技,38.3,34.7,67.5,10.0,40.0,20.0,其他,False
603339,四方科技,38.2,34.6,56.5,10.0,32.5,48.0,其他,False
600405,动力源,38.2,27.3,44.5,30.0,40.0,48.0,其他,False
002434,万里扬,38.2,28.3,55.5,5.0,42.5,60.0,其他,False
600391,航发科技,38.2,35.7,55.5,5.0,57.5,32.0,其他,False
002274,华昌化工,38.2,34.5,31.5,50.0,32.5,36.0,其他,False
002041,登海种业,38.2,13.2,33.5,70.0,40.0,36.0,其他,False
002078,太阳纸业,38.2,20.8,41.5,50.0,40.0,36.0,其他,False
603111,康尼机电,38.2,29.0,38.5,40.0,32.5,48.0,其他,False
601968,宝钢包装,38.2,20.8,41.5,50.0,40.0,36.0,其他,False
601336,新华保险,38.2,22.8,38.5,45.0,37.5,48.0,其他,False
600976,健民集团,38.2,35.4,40.5,20.0,47.5,48.0,其他,False
002027,分众传媒,38.1,11.7,33.5,70.0,42.5,36.0,其他,False
002970,锐明技术,38.1,40.8,46.5,30.0,37.5,20.0,其他,False
600166,福田汽车,38.1,22.6,50.5,50.0,25.0,28.0,其他,False
000628,高新发展,38.1,34.7,46.5,35.0,32.5,28.0,其他,False
603280,南方路机,38.1,12.8,33.5,70.0,40.0,36.0,其他,False
002230,科大讯飞,38.1,29.6,34.5,30.0,55.0,48.0,其他,False
002761,浙江建投,38.1,27.6,53.5,30.0,32.5,36.0,其他,False
002377,国创高新,38.1,26.5,31.5,65.0,32.5,28.0,其他,False
601225,陕西煤业,38.1,32.6,49.5,10.0,50.0,48.0,其他,False
600322,津投城开,38.1,36.3,46.5,35.0,30.0,28.0,其他,False
600039,四川路桥,38.1,23.6,61.5,5.0,65.0,36.0,其他,False
603496,恒为科技,38.1,13.0,46.5,60.0,37.5,28.0,其他,False
600930,华电新能,38.1,40.2,34.5,30.0,32.5,48.0,其他,False
600908,无锡银行,38.1,29.2,33.5,40.0,32.5,56.0,其他,False
000868,安凯客车,38.1,21.8,31.5,50.0,45.0,48.0,其他,False
603516,淳中科技,38.1,14.2,52.5,50.0,47.5,20.0,其他,False
601086,国芳集团,38.0,18.8,46.5,55.0,32.5,28.0,其他,False
002069,獐子岛,38.0,23.8,31.5,50.0,40.0,48.0,其他,False
600398,海澜之家,38.0,26.7,38.5,45.0,40.0,36.0,其他,False
003016,欣贺股份,38.0,23.1,26.5,65.0,40.0,36.0,其他,False
601881,中国银河,38.0,28.1,34.5,45.0,32.5,48.0,其他,False
605369,拱东医疗,38.0,42.3,46.5,25.0,32.5,28.0,其他,False
000950,重药控股,38.0,35.7,39.0,35.0,32.5,40.0,其他,False
001368,通达创智,38.0,26.4,38.5,50.0,32.5,36.0,其他,False
601825,沪农商行,38.0,32.1,34.5,40.0,32.5,48.0,其他,False
600163,中闽能源,38.0,40.1,46.5,20.0,32.5,40.0,其他,False
603089,正裕工业,37.9,21.7,44.5,20.0,65.0,48.0,其他,False
600033,福建高速,37.9,33.3,31.5,30.0,30.0,68.0,其他,False
600036,招商银行,37.9,29.6,33.5,40.0,30.0,56.0,其他,False
002531,天顺风能,37.9,38.3,46.5,25.0,40.0,28.0,其他,False
002593,日上集团,37.9,23.2,31.5,50.0,40.0,48.0,其他,False
603739,蔚蓝生物,37.8,16.0,34.5,65.0,45.0,28.0,其他,False
601188,龙江交通,37.8,32.7,34.5,30.0,32.5,60.0,其他,False
603169,兰石重装,37.8,14.3,55.5,35.0,32.5,48.0,其他,False
000893,亚钾国际,37.8,14.3,38.5,70.0,32.5,28.0,其他,False
600955,维远股份,37.8,19.1,45.5,55.0,32.5,28.0,其他,False
600867,通化东宝,37.8,19.2,38.5,60.0,30.0,36.0,其他,False
002081,金 螳 螂,37.8,61.4,46.5,5.0,32.5,20.0,其他,False
002909,集泰股份,37.8,33.2,55.5,10.0,42.5,40.0,其他,False
600858,银座股份,37.8,23.8,38.5,40.0,40.0,48.0,其他,False
600739,辽宁成大,37.7,30.6,38.5,35.0,32.5,48.0,其他,False
605599,菜百股份,37.7,6.9,33.5,80.0,32.5,36.0,其他,False
002946,新乳业,37.7,26.2,33.5,55.0,32.5,36.0,其他,False
002930,宏川智慧,37.7,41.3,46.5,30.0,32.5,20.0,其他,False
601858,中国科传,37.7,53.0,46.5,15.0,32.5,20.0,其他,False
000423,东阿阿胶,37.7,23.9,33.5,50.0,32.5,48.0,其他,False
000803,山高环能,37.7,29.3,46.5,40.0,32.5,28.0,其他,False
600475,华光环能,37.7,38.0,51.5,10.0,40.0,40.0,其他,False
000709,河钢股份,37.6,31.3,41.5,30.0,32.5,48.0,其他,False
605198,安德利,37.6,60.0,46.5,10.0,25.0,20.0,其他,False
600095,湘财股份,37.6,26.9,43.5,5.0,65.0,60.0,其他,False
600689,上海三毛,37.6,26.1,40.5,35.0,37.5,48.0,其他,False
603858,步长制药,37.6,27.5,41.5,35.0,32.5,48.0,其他,False
605196,华通线缆,37.6,25.2,40.5,35.0,47.5,40.0,其他,False
002296,辉煌科技,37.6,22.2,46.5,35.0,32.5,48.0,其他,False
601228,广州港,37.6,31.0,41.5,25.0,32.5,56.0,其他,False
605008,长鸿高科,37.6,26.5,46.5,25.0,40.0,48.0,其他,False
002038,双鹭药业,37.6,22.6,41.5,50.0,40.0,28.0,其他,False
002265,建设工业,37.6,28.7,46.5,35.0,32.5,36.0,其他,False
002470,金正大,37.5,24.5,38.5,60.0,25.0,28.0,其他,False
002533,金杯电工,37.5,26.0,46.5,30.0,32.5,48.0,其他,False
002819,东方中科,37.5,33.8,46.5,20.0,32.5,48.0,其他,False
600101,明星电力,37.5,33.8,46.5,20.0,32.5,48.0,其他,False
603023,威帝股份,37.5,38.2,55.5,5.0,37.5,40.0,其他,False
002631,德尔未来,37.5,51.8,46.5,5.0,50.0,20.0,其他,False
001227,兰州银行,37.5,30.8,33.5,35.0,32.5,56.0,其他,False
001388,信通电子,37.4,25.9,55.5,10.0,32.5,60.0,其他,False
002367,康力电梯,37.4,25.0,43.5,25.0,47.5,48.0,其他,False
600100,同方股份,37.4,29.4,46.5,30.0,32.5,40.0,其他,False
601369,陕鼓动力,37.4,26.0,43.5,25.0,32.5,60.0,其他,False
603332,苏州龙杰,37.4,17.8,46.5,50.0,37.5,28.0,其他,False
603665,康隆达,37.4,36.1,55.5,10.0,32.5,40.0,其他,False
002332,仙琚制药,37.4,31.3,38.5,15.0,40.0,68.0,其他,False
002320,海峡股份,37.4,22.0,34.5,45.0,40.0,48.0,其他,False
600697,欧亚集团,37.4,29.6,34.5,40.0,32.5,48.0,其他,False
001299,美能能源,37.3,22.8,51.5,20.0,65.0,28.0,其他,False
600511,国药股份,37.3,30.0,33.5,35.0,32.5,56.0,其他,False
002573,清新环境,37.3,28.9,38.5,35.0,32.5,48.0,其他,False
002300,太阳电缆,37.3,23.3,46.5,50.0,25.0,28.0,其他,False
601319,中国人保,37.3,29.0,51.0,10.0,47.5,48.0,其他,False
603598,引力传媒,37.3,24.3,46.5,45.0,40.0,20.0,其他,False
002778,中晟高科,37.3,28.5,44.5,25.0,37.5,48.0,其他,False
000510,新金路,37.3,40.4,46.5,20.0,47.5,20.0,其他,False
002444,巨星科技,37.3,29.0,46.5,40.0,30.0,28.0,其他,False
600916,中国黄金,37.3,15.6,38.5,60.0,32.5,36.0,其他,False
600295,鄂尔多斯,37.2,20.7,33.5,55.0,40.0,36.0,其他,False
002248,华东数控,37.2,28.7,46.5,25.0,32.5,48.0,其他,False
600332,白云山,37.2,25.5,33.5,40.0,32.5,56.0,其他,False
603335,迪生力,37.2,33.7,46.5,25.0,30.0,40.0,其他,False
601607,上海医药,37.2,33.3,31.5,20.0,40.0,68.0,其他,False
002379,宏桥控股,37.2,9.1,33.5,75.0,40.0,28.0,铜、有色金属、工业金属,False
002271,东方雨虹,37.2,19.5,34.5,65.0,32.5,28.0,其他,False
002197,证通电子,37.2,19.7,34.5,65.0,32.5,28.0,其他,False
600217,中再资环,37.2,28.7,41.5,5.0,75.0,48.0,其他,False
000554,泰山石油,37.2,27.1,34.5,50.0,32.5,36.0,其他,False
001382,新亚电缆,37.2,35.6,39.0,30.0,25.0,48.0,其他,False
600854,春兰股份,37.2,27.0,46.5,40.0,32.5,28.0,其他,False
600027,华电国际,37.1,43.6,46.5,5.0,32.5,48.0,其他,False
603165,荣晟环保,37.1,47.6,46.5,20.0,30.0,20.0,其他,False
600390,五矿资本,37.1,24.7,38.5,35.0,40.0,48.0,其他,False
600814,杭州解百,37.1,24.0,38.5,35.0,32.5,56.0,其他,False
600521,华海药业,37.1,33.4,46.5,15.0,37.5,48.0,其他,False
000534,万泽股份,37.1,28.2,41.5,50.0,32.5,20.0,其他,False
601990,南京证券,37.1,27.3,38.5,25.0,42.5,56.0,其他,False
000099,中信海直,37.1,21.8,38.5,40.0,37.5,48.0,其他,False
000557,西部创业,37.1,27.3,38.5,30.0,42.5,48.0,其他,False
003816,中国广核,37.1,39.9,46.5,10.0,32.5,48.0,其他,False
002673,西部证券,37.1,29.2,41.5,30.0,32.5,48.0,其他,False
600704,物产中大,37.0,27.8,34.5,35.0,32.5,56.0,其他,False
600004,白云机场,37.0,28.4,41.5,25.0,32.5,56.0,其他,False
002340,格林美,37.0,29.9,50.5,35.0,25.0,28.0,有色金属、金属新材料,False
603007,顺景科技,37.0,31.0,46.5,35.0,40.0,20.0,其他,False
000977,浪潮信息,37.0,34.5,46.5,35.0,32.5,20.0,其他,False
600149,廊坊发展,37.0,26.8,34.5,55.0,32.5,28.0,其他,False
002800,天顺股份,37.0,28.5,55.5,5.0,40.0,52.0,其他,False
002258,利尔化学,37.0,17.0,61.0,25.0,37.5,36.0,其他,False
600736,苏州高新,37.0,31.0,53.5,35.0,25.0,20.0,其他,False
002112,三变科技,37.0,14.5,46.5,55.0,32.5,28.0,其他,False
600993,马应龙,37.0,26.8,31.5,45.0,32.5,48.0,其他,False
601888,中国中免,37.0,11.9,33.5,65.0,40.0,36.0,其他,False
603291,联合水务,36.9,21.3,46.5,40.0,42.5,28.0,其他,False
002430,杭氧股份,36.9,17.8,50.5,50.0,25.0,28.0,其他,False
603231,索宝蛋白,36.9,28.2,41.5,30.0,32.5,48.0,其他,False
601026,道生天合,36.9,32.2,34.5,20.0,55.0,48.0,其他,False
603235,天新药业,36.9,27.6,38.5,25.0,40.0,56.0,其他,False
600956,新天绿能,36.9,43.2,46.5,10.0,32.5,40.0,其他,False
002446,盛路通信,36.9,36.1,46.5,10.0,47.5,40.0,其他,False
600868,梅雁吉祥,36.9,23.7,34.5,50.0,32.5,40.0,其他,False
002148,北纬科技,36.9,18.6,34.5,55.0,40.0,36.0,其他,False
000839,国安股份,36.9,25.7,39.0,50.0,32.5,28.0,其他,False
600218,全柴动力,36.9,20.0,34.5,45.0,40.0,48.0,其他,False
002064,华峰化学,36.9,17.9,46.5,50.0,32.5,28.0,其他,False
002519,银河电子,36.9,11.5,41.5,65.0,32.5,28.0,其他,False
000869,张 裕Ａ,36.9,31.8,23.0,30.0,42.5,68.0,其他,False
603366,日出东方,36.9,10.4,41.5,55.0,42.5,36.0,其他,False
000637,茂化实华,36.9,26.9,31.5,40.0,40.0,48.0,其他,False
002026,山东威达,36.9,29.5,34.5,25.0,40.0,60.0,其他,False
002251,步步高,36.8,15.2,33.5,60.0,40.0,36.0,其他,False
600824,益民集团,36.8,30.2,31.5,40.0,32.5,48.0,其他,False
600809,山西汾酒,36.8,23.9,41.5,40.0,37.5,36.0,其他,False
002562,兄弟科技,36.8,19.4,34.5,50.0,32.5,48.0,其他,False
002392,北京利尔,36.8,41.6,46.5,25.0,32.5,20.0,其他,False
603225,新凤鸣,36.8,24.7,31.5,60.0,32.5,28.0,其他,False
000538,云南白药,36.8,24.0,33.5,40.0,32.5,56.0,其他,False
600738,丽尚国潮,36.8,23.2,38.5,35.0,40.0,48.0,其他,False
600875,东方电气,36.8,25.7,46.5,40.0,32.5,28.0,其他,False
603117,万林物流,36.8,38.9,55.5,5.0,30.0,40.0,其他,False
600268,国电南自,36.8,25.4,46.5,40.0,32.5,28.0,其他,False
000055,方大集团,36.8,40.1,46.5,5.0,37.5,48.0,其他,False
603016,新宏泰,36.8,42.5,53.5,10.0,40.0,20.0,其他,False
002942,新农股份,36.8,21.6,27.5,50.0,42.5,48.0,其他,False
605300,佳禾食品,36.7,22.9,38.5,35.0,40.0,48.0,其他,False
002108,沧州明珠,36.7,25.5,46.5,45.0,32.5,20.0,其他,False
601117,中国化学,36.7,26.6,38.5,35.0,32.5,48.0,其他,False
600935,华塑股份,36.7,23.6,41.5,35.0,32.5,48.0,其他,False
603709,中源家居,36.7,28.2,43.5,40.0,32.5,28.0,其他,False
600848,上海临港,36.7,23.8,50.5,15.0,32.5,60.0,其他,False
001316,润贝航科,36.7,5.9,46.5,65.0,40.0,20.0,其他,False
600929,雪天盐业,36.7,19.3,53.5,40.0,30.0,28.0,其他,False
603135,中重科技,36.7,24.9,46.5,40.0,32.5,28.0,其他,False
002799,环球印务,36.7,25.6,34.5,35.0,42.5,48.0,其他,False
002555,三七互娱,36.7,14.9,38.5,55.0,37.5,36.0,其他,False
001369,双欣材料,36.7,32.0,34.5,30.0,37.5,48.0,其他,False
000862,银星能源,36.7,33.0,46.5,30.0,32.5,28.0,其他,False
603396,金辰股份,36.7,26.3,46.5,25.0,32.5,48.0,其他,False
000652,泰达股份,36.7,20.7,50.5,35.0,32.5,36.0,其他,False
600561,江西长运,36.7,28.0,46.5,20.0,37.5,48.0,其他,False
600375,汉马科技,36.7,10.8,33.5,65.0,40.0,36.0,其他,False
002337,赛象科技,36.6,22.6,38.5,35.0,40.0,48.0,其他,False
603558,健盛集团,36.6,20.5,46.5,50.0,25.0,28.0,其他,False
002971,和远气体,36.6,32.9,46.5,30.0,40.0,20.0,其他,False
603365,水星家纺,36.6,21.4,45.5,50.0,25.0,28.0,其他,False
603137,恒尚节能,36.6,34.9,44.5,5.0,37.5,60.0,其他,False
000993,闽东电力,36.6,43.2,55.5,5.0,32.5,28.0,其他,False
603983,丸美生物,36.6,24.3,41.5,35.0,30.0,48.0,其他,False
001328,登康口腔,36.6,9.0,33.5,65.0,42.5,36.0,其他,False
600076,康欣新材,36.6,47.1,55.5,5.0,32.5,20.0,其他,False
600439,瑞贝卡,36.6,31.8,34.5,30.0,37.5,48.0,其他,False
000720,新能泰山,36.6,40.4,46.5,25.0,32.5,20.0,其他,False
002991,甘源食品,36.5,21.0,33.5,60.0,25.0,36.0,其他,False
600845,宝信软件,36.5,25.1,46.5,25.0,42.5,40.0,其他,False
603788,宁波高发,36.5,29.0,46.5,25.0,25.0,48.0,其他,False
601698,中国卫通,36.5,21.1,53.5,35.0,32.5,28.0,其他,False
603123,翠微股份,36.5,24.2,41.5,30.0,37.5,48.0,其他,False
603043,广州酒家,36.5,22.1,36.5,45.0,32.5,44.0,其他,False
603883,老百姓,36.5,17.6,33.5,55.0,40.0,36.0,其他,False
002958,青农商行,36.5,30.5,33.5,30.0,32.5,56.0,其他,False
600066,宇通客车,36.5,29.2,53.5,10.0,47.5,36.0,其他,False
002057,中钢天源,36.4,25.3,34.5,40.0,32.5,48.0,磁性材料、金属新材料,False
000516,国际医学,36.4,29.2,34.5,35.0,32.5,48.0,其他,False
002677,浙江美大,36.4,36.3,46.5,10.0,42.5,40.0,其他,False
002734,利民股份,36.4,22.8,31.5,55.0,32.5,36.0,其他,False
002757,南兴股份,36.4,55.5,46.5,5.0,32.5,20.0,其他,False
002675,东诚药业,36.4,26.6,30.5,45.0,30.0,48.0,其他,False
601985,中国核电,36.4,34.6,46.5,10.0,37.5,48.0,其他,False
002188,中天服务,36.4,29.7,43.5,25.0,37.5,40.0,其他,False
002212,天融信,36.4,29.4,34.5,15.0,65.0,48.0,其他,False
603102,百合股份,36.4,29.5,34.5,35.0,32.5,48.0,其他,False
002294,信立泰,36.4,10.3,33.5,60.0,55.0,28.0,其他,False
600797,浙大网新,36.4,18.7,34.5,50.0,30.0,48.0,其他,False
600801,华新建材,36.4,13.1,33.5,65.0,32.5,36.0,其他,False
600825,新华传媒,36.4,21.3,38.5,40.0,32.5,48.0,其他,False
600251,冠农股份,36.4,18.3,45.5,50.0,30.0,28.0,其他,False
600056,中国医药,36.3,29.4,41.5,20.0,32.5,56.0,其他,False
600469,风神股份,36.3,16.5,41.5,50.0,32.5,36.0,其他,False
600740,山西焦化,36.3,23.3,41.5,35.0,42.5,36.0,其他,False
002181,粤 传 媒,36.3,39.2,46.5,25.0,32.5,20.0,其他,False
000890,法尔胜,36.3,36.5,49.5,25.0,32.5,20.0,其他,False
001360,南矿集团,36.3,25.8,34.5,35.0,47.5,40.0,其他,False
600819,耀皮玻璃,36.3,32.0,55.5,5.0,40.0,40.0,其他,False
603912,佳力图,36.3,39.1,46.5,20.0,32.5,28.0,其他,False
003023,彩虹集团,36.3,33.2,46.5,30.0,37.5,20.0,其他,False
603698,航天工程,36.3,23.3,46.5,50.0,25.0,20.0,其他,False
002110,三钢闽光,36.2,19.5,44.5,20.0,55.0,48.0,其他,False
603708,家家悦,36.2,17.8,33.5,55.0,37.5,36.0,其他,False
002559,亚威股份,36.2,40.4,46.5,10.0,32.5,40.0,激光设备,False
600981,苏豪汇鸿,36.2,15.0,38.5,55.0,32.5,36.0,其他,False
000422,湖北宜化,36.2,20.0,33.5,55.0,32.5,36.0,其他,False
600533,栖霞建设,36.2,29.1,34.5,35.0,40.0,40.0,其他,False
603656,泰禾智能,36.2,21.0,38.5,35.0,40.0,48.0,其他,False
605268,王力安防,36.2,22.6,38.5,50.0,25.0,36.0,其他,False
001255,博菲电气,36.2,21.0,34.5,40.0,40.0,48.0,其他,False
000876,新 希 望,36.1,27.5,38.5,25.0,32.5,56.0,其他,False
600602,云赛智联,36.1,22.4,46.5,40.0,32.5,28.0,其他,False
600259,中稀有色,36.1,19.1,46.5,50.0,32.5,20.0,有色金属、金属新材料,False
002481,双塔食品,36.1,20.7,33.5,55.0,30.0,36.0,其他,False
002162,悦心健康,36.1,14.8,38.5,55.0,32.5,36.0,其他,False
603096,新经典,36.1,29.1,46.5,15.0,37.5,48.0,其他,False
001356,富岭股份,36.1,23.9,46.5,25.0,32.5,48.0,其他,False
002043,兔 宝 宝,36.1,12.5,46.5,50.0,37.5,28.0,其他,False
002298,中电鑫龙,36.1,36.9,55.5,10.0,32.5,28.0,其他,False
000990,诚志股份,36.1,31.0,45.5,35.0,25.0,28.0,其他,False
002792,通宇通讯,36.1,32.4,46.5,25.0,32.5,32.0,其他,False
002807,江阴银行,36.1,31.8,22.5,40.0,32.5,56.0,其他,False
600309,万华化学,36.1,20.0,33.5,50.0,40.0,36.0,其他,False
001396,誉帆科技,36.1,26.5,46.5,35.0,32.5,28.0,其他,False
000031,大悦城,36.1,12.8,34.5,65.0,37.5,28.0,其他,False
002114,罗平锌电,36.0,26.5,34.5,50.0,32.5,28.0,有色金属、工业金属,False
600223,福瑞达,36.0,24.4,41.5,30.0,32.5,48.0,其他,False
603421,鼎信通讯,36.0,29.2,34.5,40.0,30.0,40.0,其他,False
605100,XR华丰股,36.0,9.7,51.0,45.0,50.0,20.0,其他,False
600893,航发动力,36.0,20.1,34.5,55.0,37.5,28.0,其他,False
603818,曲美家居,36.0,31.5,46.5,10.0,40.0,48.0,其他,False
603797,联泰环保,36.0,29.3,34.5,30.0,37.5,48.0,其他,False
002182,宝武镁业,36.0,28.0,34.5,20.0,65.0,40.0,其他,False
002413,雷科防务,36.0,7.4,41.5,65.0,32.5,28.0,其他,False
002440,闰土股份,36.0,8.5,36.5,70.0,32.5,28.0,其他,False
003006,百亚股份,36.0,13.1,33.5,60.0,37.5,36.0,其他,False
002955,鸿合科技,35.9,27.1,34.5,35.0,32.5,48.0,其他,False
600117,西宁特钢,35.9,24.6,41.5,25.0,40.0,48.0,其他,False
000561,烽火电子,35.9,19.5,34.5,40.0,40.0,48.0,其他,False
601801,皖新传媒,35.9,20.7,33.5,40.0,40.0,48.0,其他,False
603758,秦安股份,35.9,23.4,39.0,35.0,40.0,40.0,其他,False
603657,春光科技,35.9,37.9,46.5,20.0,40.0,20.0,其他,False
000035,中国天楹,35.9,25.7,38.5,40.0,32.5,36.0,其他,False
603367,辰欣药业,35.9,19.4,38.5,45.0,37.5,36.0,其他,False
001238,浙江正特,35.9,22.8,33.5,50.0,32.5,36.0,其他,False
002868,绿康生化,35.8,13.6,34.5,55.0,57.5,20.0,其他,False
605033,美邦股份,35.8,18.2,31.5,50.0,32.5,48.0,其他,False
002451,摩恩电气,35.8,21.1,46.5,35.0,32.5,36.0,其他,False
600088,中视传媒,35.8,29.7,46.5,30.0,40.0,20.0,其他,False
002345,潮宏基,35.8,6.7,33.5,75.0,32.5,28.0,其他,False
001260,坤泰股份,35.8,31.9,46.5,10.0,37.5,48.0,其他,False
002153,石基信息,35.8,13.8,38.5,60.0,32.5,28.0,其他,False
603863,松炀资源,35.8,27.1,34.5,45.0,37.5,28.0,其他,False
603035,常熟汽饰,35.8,22.0,38.5,30.0,42.5,48.0,其他,False
002626,金达威,35.7,24.9,55.5,10.0,32.5,48.0,其他,False
600623,华谊集团,35.7,25.8,31.5,50.0,37.5,28.0,其他,False
603073,彩蝶实业,35.7,25.6,43.5,25.0,40.0,40.0,其他,False
002690,美亚光电,35.7,22.3,41.5,30.0,47.5,36.0,其他,False
002989,中天精装,35.7,53.6,39.0,5.0,32.5,32.0,其他,False
001914,招商积余,35.7,26.3,34.5,35.0,32.5,48.0,其他,False
600821,金开新能,35.7,44.7,34.5,15.0,57.5,20.0,其他,False
002456,欧菲光,35.7,31.9,34.5,5.0,70.0,48.0,其他,False
600490,鹏欣资源,35.7,21.0,34.5,55.0,32.5,28.0,其他,False
000603,盛达资源,35.7,6.1,41.5,65.0,32.5,28.0,有色金属,False
002053,云南能投,35.7,34.2,46.5,15.0,32.5,40.0,其他,False
003039,顺控发展,35.7,14.2,38.5,55.0,30.0,36.0,其他,False
001280,中国铀业,35.6,20.6,34.5,50.0,32.5,36.0,其他,False
000546,金圆股份,35.6,25.1,53.5,35.0,25.0,20.0,其他,False
600023,浙能电力,35.6,44.3,46.5,5.0,40.0,28.0,其他,False
002307,北新路桥,35.6,22.4,30.5,40.0,40.0,48.0,其他,False
600882,妙可蓝多,35.6,17.6,41.5,40.0,40.0,36.0,其他,False
001282,三联锻造,35.6,33.6,34.5,25.0,32.5,48.0,其他,False
002827,高争民爆,35.6,26.0,34.5,35.0,32.5,48.0,其他,False
603077,和邦生物,35.6,24.2,38.5,40.0,32.5,36.0,其他,False
603616,韩建河山,35.6,33.1,51.5,10.0,40.0,32.0,其他,False
603199,九华旅游,35.6,18.5,31.5,50.0,42.5,36.0,其他,False
603033,三维股份,35.6,29.7,46.5,20.0,32.5,40.0,其他,False
000425,徐工机械,35.6,22.0,34.5,55.0,30.0,28.0,其他,False
603107,上海汽配,35.6,32.7,34.5,10.0,37.5,68.0,其他,False
002187,广百股份,35.6,19.6,38.5,35.0,37.5,48.0,其他,False
603903,中持股份,35.5,24.1,39.0,45.0,40.0,20.0,其他,False
603889,DR新澳股,35.5,12.6,38.5,50.0,40.0,36.0,其他,False
000905,厦门港务,35.5,16.1,34.5,55.0,32.5,36.0,其他,False
601568,北元化工,35.5,27.1,53.5,5.0,25.0,60.0,其他,False
600512,腾达建设,35.5,27.1,44.5,25.0,25.0,48.0,其他,False
603900,莱绅通灵,35.5,19.8,38.5,45.0,32.5,36.0,其他,False
002574,明牌珠宝,35.5,25.1,31.5,35.0,40.0,48.0,其他,False
002774,快意电梯,35.5,41.0,46.5,5.0,32.5,40.0,其他,False
600118,中国卫星,35.5,22.4,53.5,35.0,30.0,20.0,其他,False
600210,紫江企业,35.5,28.4,27.5,35.0,32.5,56.0,其他,False
000829,天音控股,35.5,11.0,45.5,50.0,37.5,28.0,其他,False
600779,水井坊,35.5,25.4,41.5,20.0,42.5,48.0,白酒,False
605298,必得科技,35.5,43.2,46.5,15.0,25.0,28.0,其他,False
600771,广誉远,35.4,13.0,33.5,55.0,40.0,36.0,其他,False
600815,厦工股份,35.4,21.7,53.5,35.0,30.0,20.0,其他,False
603368,柳药集团,35.4,28.8,38.5,20.0,32.5,56.0,其他,False
000799,酒鬼酒,35.4,18.9,34.5,35.0,45.0,48.0,其他,False
600939,重庆建工,35.4,26.2,34.5,35.0,30.0,48.0,其他,False
002662,峰璟股份,35.4,25.6,52.5,10.0,47.5,36.0,其他,False
600651,飞乐音响,35.4,29.8,39.0,20.0,37.5,48.0,其他,False
600348,华阳股份,35.4,25.5,53.5,15.0,37.5,36.0,其他,False
600998,九州通,35.4,25.0,36.5,35.0,32.5,44.0,其他,False
601226,华电科工,35.4,12.8,41.5,50.0,32.5,36.0,其他,False
000819,岳阳兴长,35.4,25.6,46.5,20.0,40.0,40.0,其他,False
002772,众兴菌业,35.4,8.7,33.5,65.0,32.5,36.0,其他,False
002716,湖南白银,35.4,5.1,41.5,65.0,32.5,28.0,有色金属、工业金属,False
000738,航发控制,35.4,21.3,46.5,25.0,40.0,40.0,其他,False
603696,安记食品,35.4,13.9,33.5,60.0,30.0,36.0,其他,False
002646,天佑德酒,35.4,31.9,34.5,20.0,42.5,48.0,其他,False
605577,龙版传媒,35.4,15.5,38.5,50.0,32.5,36.0,其他,False
002458,益生股份,35.4,7.4,43.5,65.0,32.5,20.0,其他,False
002291,遥望科技,35.3,24.3,46.5,20.0,32.5,48.0,其他,False
002117,东港股份,35.3,28.7,34.5,25.0,40.0,48.0,其他,False
000987,越秀资本,35.3,24.3,33.5,40.0,40.0,36.0,其他,False
000586,汇源通信,35.3,32.5,46.5,30.0,30.0,20.0,其他,False
600383,金地集团,35.3,27.9,41.5,35.0,32.5,28.0,其他,False
002511,中顺洁柔,35.3,16.2,33.5,55.0,32.5,36.0,其他,False
601728,中国电信,35.3,34.5,51.0,10.0,40.0,28.0,其他,False
000555,神州信息,35.3,21.8,34.5,20.0,85.0,28.0,其他,False
600775,南京熊猫,35.3,12.9,34.5,65.0,30.0,28.0,其他,False
600354,敦煌种业,35.3,19.3,38.5,45.0,32.5,36.0,其他,False
601969,海南矿业,35.2,16.1,33.5,60.0,32.5,28.0,其他,False
600426,华鲁恒升,35.2,8.1,33.5,55.0,57.5,28.0,其他,False
001376,百通能源,35.2,21.1,34.5,25.0,77.5,28.0,其他,False
002235,安妮股份,35.2,36.3,46.5,20.0,37.5,20.0,其他,False
600728,佳都科技,35.2,17.6,34.5,45.0,30.0,48.0,其他,False
603408,建霖家居,35.2,20.4,38.5,30.0,40.0,48.0,其他,False
002369,卓翼科技,35.2,27.4,34.5,25.0,42.5,48.0,其他,False
002017,东信和平,35.1,22.7,34.5,40.0,40.0,36.0,其他,False
601668,中国建筑,35.1,32.7,38.5,5.0,32.5,68.0,其他,False
603811,诚意药业,35.1,27.4,38.5,35.0,30.0,36.0,其他,False
600435,北方导航,35.1,10.5,38.5,55.0,32.5,36.0,其他,False
600724,宁波富达,35.1,27.6,46.5,25.0,37.5,28.0,其他,False
000965,天保基建,35.1,26.7,31.5,35.0,32.5,48.0,其他,False
600016,民生银行,35.1,28.6,33.5,25.0,32.5,56.0,其他,False
601388,怡球资源,35.1,19.6,38.5,50.0,30.0,28.0,有色金属、工业金属,False
603939,益丰药房,35.1,18.8,34.5,50.0,40.0,28.0,其他,False
600151,航天机电,35.0,35.0,51.0,5.0,40.0,32.0,其他,False
000090,天健集团,35.0,20.1,41.5,30.0,32.5,48.0,其他,False
002083,孚日股份,35.0,21.1,27.5,55.0,32.5,36.0,其他,False
603128,华贸物流,35.0,31.1,34.5,20.0,32.5,56.0,其他,False
600639,浦东金桥,35.0,25.1,38.5,35.0,25.0,44.0,其他,False
605277,新亚电子,35.0,29.0,34.5,25.0,37.5,48.0,其他,False
600720,中交设计,35.0,20.4,33.5,35.0,32.5,56.0,其他,False
001207,联科科技,35.0,26.6,55.5,5.0,40.0,40.0,其他,False
603630,拉芳家化,35.0,11.0,33.5,60.0,32.5,36.0,其他,False
600168,武汉控股,35.0,26.3,31.5,35.0,32.5,48.0,其他,False
600547,山东黄金,35.0,6.7,38.5,60.0,40.0,28.0,其他,False
600505,西昌电力,34.9,22.9,34.5,35.0,32.5,48.0,其他,False
002362,汉王科技,34.9,24.7,34.5,30.0,37.5,48.0,其他,False
002560,通达股份,34.9,9.9,50.5,50.0,32.5,20.0,其他,False
600621,华鑫股份,34.9,29.1,41.5,20.0,30.0,48.0,其他,False
002160,常铝股份,34.9,28.5,40.5,5.0,57.5,48.0,其他,False
002767,先锋电子,34.9,16.6,38.5,35.0,37.5,48.0,其他,False
603168,莎普爱思,34.9,20.8,31.5,45.0,40.0,36.0,其他,False
002802,洪汇新材,34.8,30.3,46.5,10.0,32.5,48.0,其他,False
000779,甘咨询,34.8,13.2,38.5,45.0,40.0,36.0,其他,False
600653,申华控股,34.8,33.8,44.5,5.0,37.5,48.0,其他,False
603059,倍加洁,34.8,10.5,33.5,65.0,32.5,28.0,其他,False
600133,东湖高新,34.8,30.5,46.5,10.0,40.0,40.0,其他,False
002644,佛慈制药,34.8,23.7,33.5,35.0,32.5,48.0,其他,False
000597,东北制药,34.8,26.8,34.5,25.0,40.0,48.0,其他,False
600331,宏达股份,34.8,17.7,50.5,35.0,40.0,20.0,其他,False
002062,宏润建设,34.8,38.1,46.5,5.0,32.5,40.0,其他,False
002133,广宇集团,34.8,21.1,38.5,35.0,40.0,36.0,其他,False
600938,中国海油,34.8,24.4,26.5,45.0,42.5,36.0,其他,False
605178,时空科技,34.7,24.7,46.5,35.0,32.5,20.0,其他,False
600706,曲江文旅,34.7,20.9,33.5,35.0,37.5,48.0,其他,False
002760,凤形股份,34.7,21.3,46.5,35.0,40.0,20.0,其他,False
600671,天目药业,34.7,26.8,31.5,30.0,37.5,48.0,其他,False
002725,跃岭股份,34.7,29.3,46.5,5.0,50.0,40.0,其他,False
002836,新宏泽,34.7,19.5,31.5,50.0,32.5,36.0,其他,False
605068,明新旭腾,34.7,28.8,46.5,20.0,40.0,28.0,其他,False
002899,英派斯,34.7,16.2,50.5,25.0,50.0,28.0,其他,False
002007,华兰生物,34.7,26.7,41.5,15.0,32.5,56.0,其他,False
002873,新天药业,34.7,25.3,31.5,35.0,32.5,48.0,其他,False
605388,均瑶健康,34.7,16.1,46.5,40.0,25.0,36.0,其他,False
002234,民和股份,34.7,16.7,38.5,50.0,32.5,28.0,其他,False
002285,世联行,34.7,24.6,46.5,25.0,40.0,28.0,其他,False
002445,中南文化,34.7,48.1,46.5,5.0,32.5,20.0,其他,False
600528,中铁工业,34.7,29.7,34.5,20.0,32.5,56.0,其他,False
603589,口子窖,34.7,20.2,36.5,20.0,70.0,36.0,其他,False
000513,丽珠集团,34.7,26.8,37.5,20.0,32.5,56.0,其他,False
600392,盛和资源,34.7,16.8,34.5,55.0,32.5,28.0,有色金属,False
600094,大名城,34.7,34.0,46.5,10.0,32.5,40.0,其他,False
603676,卫信康,34.6,24.0,38.5,35.0,32.5,36.0,其他,False
000529,广弘控股,34.6,26.2,26.5,35.0,40.0,48.0,其他,False
002390,信邦制药,34.6,29.1,31.5,25.0,40.0,48.0,其他,False
600429,三元股份,34.6,28.8,33.5,45.0,25.0,28.0,其他,False
002455,百川股份,34.6,12.8,54.0,35.0,32.5,28.0,其他,False
002410,广联达,34.6,12.5,38.5,45.0,40.0,36.0,其他,False
001229,魅视科技,34.6,25.4,34.5,35.0,37.5,36.0,其他,False
600773,西藏城投,34.6,34.8,45.5,20.0,37.5,20.0,其他,False
600733,北汽蓝谷,34.6,22.0,40.5,35.0,32.5,36.0,其他,False
001203,大中矿业,34.6,31.2,50.5,15.0,42.5,20.0,其他,False
002370,亚太药业,34.6,17.1,41.5,40.0,32.5,36.0,其他,False
000419,通程控股,34.6,22.0,38.5,25.0,40.0,48.0,其他,False
600137,浪莎股份,34.6,24.2,46.5,30.0,32.5,28.0,其他,False
600897,厦门空港,34.6,22.7,33.5,25.0,40.0,56.0,其他,False
600089,特变电工,34.6,30.6,34.5,25.0,30.0,48.0,其他,False
001300,三柏硕,34.6,29.2,46.5,25.0,30.0,28.0,其他,False
600408,安泰集团,34.5,19.3,34.5,45.0,42.5,28.0,其他,False
002638,勤上股份,34.5,47.2,46.5,5.0,32.5,20.0,其他,False
002437,誉衡药业,34.5,21.5,36.5,40.0,32.5,36.0,其他,False
600380,健康元,34.5,25.3,38.5,20.0,40.0,48.0,其他,False
600654,中安科,34.5,16.1,53.5,35.0,25.0,28.0,其他,False
600846,同济科技,34.5,32.7,34.5,25.0,25.0,48.0,其他,False
001378,德冠新材,34.5,10.2,36.0,55.0,50.0,20.0,其他,False
600019,宝钢股份,34.5,25.0,38.5,20.0,32.5,56.0,其他,False
001216,华瓷股份,34.5,28.4,44.5,10.0,37.5,48.0,其他,False
600467,好当家,34.5,28.2,31.5,30.0,32.5,48.0,其他,False
603050,科林电气,34.5,43.7,46.5,5.0,40.0,20.0,其他,False
601965,中国汽研,34.5,20.3,55.5,15.0,32.5,40.0,其他,False
002259,升达林业,34.4,26.7,46.5,30.0,25.0,28.0,其他,False
603207,小方制药,34.4,14.4,38.5,40.0,42.5,36.0,其他,False
600125,铁龙物流,34.4,31.5,31.5,20.0,32.5,56.0,其他,False
600372,中航机载,34.4,16.4,41.5,40.0,32.5,36.0,其他,False
603737,三棵树,34.4,4.2,38.5,60.0,40.0,28.0,其他,False
002438,江苏神通,34.4,28.6,46.5,10.0,32.5,48.0,其他,False
603535,嘉诚国际,34.4,23.6,55.5,10.0,32.5,40.0,其他,False
002358,森源电气,34.4,15.5,34.5,55.0,32.5,28.0,其他,False
002355,兴民智通,34.4,28.7,39.0,20.0,40.0,40.0,其他,False
002910,庄园牧场,34.4,25.2,34.5,25.0,40.0,48.0,其他,False
600123,兰花科创,34.4,35.4,34.5,25.0,40.0,28.0,其他,False
002152,广电运通,34.4,25.2,34.5,25.0,40.0,48.0,其他,False
601187,厦门银行,34.3,30.1,27.5,35.0,40.0,36.0,其他,False
603208,江山欧派,34.3,31.9,46.5,5.0,32.5,48.0,其他,False
601096,宏盛华源,34.3,22.6,34.5,40.0,32.5,36.0,其他,False
603609,禾丰股份,34.3,31.1,31.5,25.0,32.5,48.0,其他,False
002329,皇氏集团,34.3,43.6,39.0,10.0,37.5,28.0,其他,False
002785,万里石,34.3,44.0,46.5,5.0,37.5,20.0,其他,False
605377,华旺科技,34.3,35.9,46.5,5.0,32.5,40.0,其他,False
601200,上海环境,34.3,28.3,31.5,25.0,30.0,56.0,其他,False
600531,豫光金铅,34.3,11.1,46.5,50.0,32.5,20.0,有色金属、工业金属,False
002554,惠博普,34.3,24.4,34.5,30.0,32.5,48.0,其他,False
603948,建业股份,34.3,28.6,34.5,20.0,40.0,48.0,其他,False
002969,嘉美包装,34.3,12.2,31.5,65.0,37.5,20.0,其他,False
002599,盛通股份,34.3,22.9,41.5,20.0,37.5,48.0,其他,False
600073,光明肉业,34.3,21.2,33.5,30.0,32.5,56.0,其他,False
001311,多利科技,34.3,18.6,44.5,30.0,32.5,40.0,其他,False
603477,巨星农牧,34.3,26.6,46.5,25.0,32.5,28.0,其他,False
600567,山鹰国际,34.2,26.7,40.5,5.0,55.0,48.0,其他,False
002658,雪迪龙,34.2,18.6,46.5,40.0,32.5,20.0,其他,False
603277,银都股份,34.2,16.8,41.5,30.0,32.5,48.0,其他,False
603655,朗博科技,34.2,34.8,53.5,10.0,25.0,28.0,其他,False
601956,东贝集团,34.2,18.0,44.5,25.0,32.5,48.0,其他,False
002267,陕天然气,34.2,34.9,31.5,20.0,32.5,48.0,其他,False
605069,正和生态,34.2,45.1,39.0,5.0,37.5,32.0,其他,False
600686,金龙汽车,34.2,8.6,38.5,55.0,37.5,28.0,其他,False
001213,中铁特货,34.2,30.1,38.5,5.0,30.0,68.0,其他,False
600526,菲达环保,34.2,22.1,38.5,35.0,32.5,36.0,其他,False
601279,英利汽车,34.1,26.5,31.5,30.0,32.5,48.0,其他,False
600138,中青旅,34.1,14.0,33.5,40.0,42.5,44.0,其他,False
601606,长城军工,34.1,19.0,41.5,35.0,32.5,36.0,其他,False
600227,赤天化,34.1,27.2,33.5,50.0,25.0,20.0,其他,False
605183,确成股份,34.1,12.4,57.0,25.0,30.0,36.0,其他,False
002333,罗普斯金,34.1,25.9,44.5,5.0,47.5,48.0,其他,False
002687,乔治白,34.1,26.9,40.5,15.0,37.5,48.0,其他,False
603053,成都燃气,34.0,30.4,39.0,5.0,40.0,56.0,其他,False
000882,华联股份,34.0,22.9,41.5,15.0,42.5,48.0,其他,False
600588,用友网络,34.0,14.8,41.5,45.0,32.5,28.0,其他,False
603319,美湖股份,34.0,19.8,56.5,25.0,32.5,20.0,其他,False
603151,邦基科技,34.0,17.9,38.5,35.0,40.0,36.0,其他,False
000756,新华制药,34.0,30.5,46.5,5.0,32.5,48.0,其他,False
000517,荣安地产,34.0,28.1,46.5,5.0,37.5,48.0,其他,False
002853,皮阿诺,34.0,19.6,58.5,10.0,40.0,32.0,其他,False
600658,电子城,33.9,32.0,46.5,5.0,37.5,40.0,其他,False
600666,奥瑞德,33.9,25.1,46.5,30.0,32.5,20.0,其他,False
002400,省广集团,33.9,17.5,34.5,50.0,32.5,28.0,其他,False
002261,拓维信息,33.9,25.7,41.5,35.0,25.0,28.0,其他,False
603071,物产环能,33.9,30.5,34.5,20.0,32.5,48.0,其他,False
600202,哈空调,33.9,27.8,46.5,5.0,37.5,48.0,其他,False
000886,海南高速,33.9,18.2,41.5,35.0,32.5,36.0,其他,False
600316,洪都航空,33.9,4.2,33.5,65.0,37.5,28.0,其他,False
600326,西藏天路,33.9,13.2,38.5,45.0,32.5,36.0,其他,False
600703,三安光电,33.9,46.2,39.0,5.0,32.5,32.0,其他,False
600120,浙江东方,33.9,18.8,38.5,35.0,37.5,36.0,其他,False
601121,宝地矿业,33.9,17.3,38.5,40.0,32.5,36.0,其他,False
002986,宇新股份,33.9,28.7,40.5,25.0,37.5,28.0,其他,False
601515,衢州东峰,33.9,21.0,46.5,30.0,32.5,28.0,其他,False
000607,华媒控股,33.9,20.2,34.5,30.0,37.5,48.0,其他,False
000415,渤海租赁,33.8,16.9,38.5,45.0,32.5,28.0,其他,False
001201,东瑞股份,33.8,22.2,34.5,30.0,32.5,48.0,其他,False
601811,新华文轩,33.8,30.1,41.5,10.0,25.0,56.0,其他,False
002739,儒意电影,33.8,23.1,49.5,10.0,32.5,48.0,其他,False
600126,杭钢股份,33.8,13.3,53.5,35.0,25.0,28.0,其他,False
605001,威奥股份,33.8,25.4,31.5,30.0,32.5,48.0,其他,False
002500,山西证券,33.7,22.7,31.5,25.0,45.0,48.0,其他,False
601068,中铝国际,33.7,27.1,31.5,35.0,32.5,36.0,其他,False
002672,东江环保,33.7,20.1,38.5,35.0,32.5,36.0,其他,False
000617,中油资本,33.7,17.7,33.5,40.0,40.0,36.0,其他,False
603879,永悦科技,33.7,23.5,34.5,25.0,37.5,48.0,其他,False
600829,人民同泰,33.7,20.3,38.5,35.0,32.5,36.0,其他,False
603088,宁波精达,33.7,24.3,42.5,10.0,65.0,28.0,其他,False
000937,冀中能源,33.7,34.1,41.5,10.0,25.0,48.0,其他,False
600586,金晶科技,33.7,29.2,34.5,20.0,42.5,40.0,其他,False
600050,中国联通,33.7,25.4,46.5,10.0,32.5,48.0,其他,False
002846,英联股份,33.7,9.1,45.5,45.0,25.0,36.0,其他,False
603095,越剑智能,33.7,43.9,46.5,5.0,32.5,20.0,其他,False
601139,深圳燃气,33.6,28.9,27.5,25.0,40.0,48.0,其他,False
600456,宝钛股份,33.6,23.0,34.5,25.0,37.5,48.0,有色金属、工业金属、金属新材料,False
603658,安图生物,33.6,29.4,34.5,20.0,32.5,48.0,其他,False
002723,小崧股份,33.6,30.2,52.5,5.0,47.5,20.0,其他,False
600718,东软集团,33.6,25.2,34.5,25.0,32.5,48.0,其他,False
601669,中国电建,33.6,29.4,34.5,20.0,32.5,48.0,其他,False
603182,嘉华股份,33.6,24.6,31.5,30.0,32.5,48.0,其他,False
600235,民丰特纸,33.6,25.4,34.5,25.0,32.5,48.0,其他,False
002124,天邦食品,33.6,33.1,46.5,5.0,32.5,40.0,其他,False
603037,凯众股份,33.6,29.3,39.0,25.0,32.5,32.0,其他,False
600880,博瑞传播,33.6,12.5,38.5,45.0,40.0,28.0,其他,False
600017,日照港,33.6,28.7,38.5,10.0,32.5,56.0,其他,False
001979,招商蛇口,33.6,23.6,46.5,25.0,32.5,28.0,其他,False
002575,群兴玩具,33.6,20.0,46.5,35.0,32.5,20.0,其他,False
603341,龙旗科技,33.6,30.0,46.5,5.0,30.0,48.0,其他,False
002941,新疆交建,33.5,18.0,40.5,25.0,47.5,36.0,其他,False
603633,徕木股份,33.5,24.5,52.5,5.0,37.5,40.0,其他,False
603866,桃李面包,33.5,25.9,38.5,10.0,37.5,56.0,其他,False
002698,博实股份,33.5,28.9,46.5,10.0,32.5,40.0,其他,False
603716,塞力医疗,33.5,10.8,38.5,40.0,42.5,36.0,其他,False
000528,柳 工,33.5,21.3,41.5,25.0,25.0,48.0,其他,False
000963,华东医药,33.5,12.8,33.5,45.0,40.0,36.0,其他,False
001222,源飞宠物,33.5,15.4,38.5,40.0,32.5,36.0,其他,False
002311,海大集团,33.5,24.2,31.5,25.0,40.0,48.0,其他,False
002869,金溢科技,33.5,23.3,34.5,35.0,32.5,36.0,其他,False
601106,中国一重,33.4,18.5,31.5,50.0,32.5,28.0,其他,False
601928,凤凰传媒,33.4,28.0,38.5,10.0,32.5,56.0,其他,False
002161,远 望 谷,33.4,17.3,34.5,35.0,40.0,40.0,其他,False
600141,兴发集团,33.4,27.7,39.5,20.0,32.5,40.0,有色金属、氟化工,False
600877,电科芯片,33.4,28.1,44.5,10.0,37.5,40.0,其他,False
000011,深物业A,33.4,23.6,41.5,25.0,32.5,36.0,其他,False
002097,山河智能,33.4,19.0,41.5,25.0,42.5,36.0,其他,False
603816,顾家家居,33.4,22.8,46.5,25.0,32.5,28.0,其他,False
601212,白银有色,33.4,8.3,41.5,50.0,32.5,28.0,有色金属、工业金属,False
002416,爱施德,33.4,23.0,38.5,30.0,32.5,36.0,其他,False
600352,浙江龙盛,33.4,13.6,33.5,45.0,37.5,36.0,其他,False
603970,中农立华,33.3,24.5,33.5,35.0,30.0,36.0,其他,False
002857,三晖电气,33.3,29.4,46.5,5.0,37.5,40.0,其他,False
002866,传艺科技,33.3,20.4,53.5,30.0,22.5,20.0,其他,False
002543,万和电气,33.3,24.5,41.5,10.0,32.5,56.0,其他,False
003041,真爱美家,33.3,26.8,46.5,25.0,32.5,20.0,其他,False
603313,梦百合,33.3,8.0,57.0,30.0,32.5,28.0,其他,False
001390,古麒绒材,33.3,15.5,33.5,45.0,32.5,36.0,其他,False
002344,海宁皮城,33.3,26.5,41.5,10.0,37.5,48.0,其他,False
600681,百川能源,33.2,23.6,34.5,25.0,32.5,48.0,其他,False
600031,三一重工,33.2,23.0,41.5,30.0,32.5,28.0,其他,False
000681,视觉中国,33.2,18.2,46.5,30.0,32.5,28.0,其他,False
000070,特发信息,33.2,30.3,46.5,20.0,32.5,20.0,其他,False
002526,山东矿机,33.2,18.1,38.5,35.0,32.5,36.0,其他,False
600841,动力新科,33.2,3.5,41.5,55.0,32.5,28.0,其他,False
600737,中粮糖业,33.2,15.7,46.5,30.0,37.5,28.0,其他,False
605003,众望布艺,33.2,20.8,33.5,40.0,37.5,28.0,其他,False
600127,金健米业,33.2,24.3,33.5,20.0,32.5,56.0,其他,False
002524,光正眼科,33.2,31.7,34.5,10.0,40.0,48.0,其他,False
002302,西部建设,33.1,24.5,27.0,30.0,37.5,48.0,其他,False
002130,沃尔核材,33.1,15.5,44.5,30.0,32.5,36.0,金属新材料,False
600319,亚星化学,33.1,31.0,46.5,5.0,32.5,40.0,其他,False
600379,宝光股份,33.1,41.1,46.5,10.0,25.0,20.0,氟化工,False
603896,寿仙谷,33.1,18.8,41.5,20.0,40.0,44.0,其他,False
603881,数据港,33.1,26.0,46.5,25.0,32.5,20.0,其他,False
600517,国网英大,33.1,19.6,44.5,25.0,32.5,36.0,其他,False
600660,福耀玻璃,33.1,22.0,38.5,25.0,40.0,36.0,玻纤制造,False
600510,黑牡丹,33.1,14.0,50.5,35.0,32.5,20.0,其他,False
002052,同洲电子,33.1,34.7,39.0,10.0,32.5,40.0,其他,False
605598,上海港湾,33.0,32.4,46.5,10.0,42.5,20.0,其他,False
002224,三 力 士,33.0,18.5,38.5,35.0,30.0,36.0,其他,False
002269,美邦服饰,33.0,26.9,34.5,15.0,40.0,48.0,其他,False
600057,厦门象屿,33.0,10.6,33.5,50.0,32.5,36.0,其他,False
603583,捷昌驱动,33.0,13.8,61.5,10.0,32.5,36.0,其他,False
002570,贝因美,33.0,27.0,34.5,15.0,40.0,48.0,其他,False
002194,武汉凡谷,33.0,34.0,39.0,10.0,32.5,40.0,其他,False
600071,凤凰光学,33.0,24.1,34.5,25.0,30.0,48.0,其他,False
600343,航天动力,33.0,21.1,46.5,25.0,32.5,28.0,其他,False
002263,大东南,33.0,26.9,56.5,5.0,32.5,28.0,其他,False
605086,龙高股份,33.0,25.4,44.5,15.0,40.0,32.0,其他,False
600192,长城电工,33.0,25.0,46.5,20.0,32.5,28.0,其他,False
601002,晋亿实业,33.0,14.4,45.5,35.0,32.5,28.0,其他,False
603318,水发燃气,33.0,45.8,45.5,5.0,25.0,20.0,其他,False
002683,广东宏大,32.9,13.3,34.5,50.0,32.5,28.0,其他,False
000901,航天科技,32.9,16.9,34.5,40.0,32.5,36.0,其他,False
603759,海天股份,32.9,14.6,38.5,35.0,37.5,36.0,其他,False
002968,新大正,32.9,18.1,33.5,35.0,40.0,36.0,其他,False
002858,力盛体育,32.9,14.4,45.5,30.0,40.0,28.0,其他,False
002065,东华软件,32.9,26.1,34.5,20.0,32.5,48.0,其他,False
603955,大千生态,32.9,12.7,38.5,35.0,50.0,28.0,其他,False
600339,中油工程,32.9,20.9,39.0,30.0,40.0,28.0,其他,False
600844,金煤科技,32.9,20.9,38.5,35.0,32.5,28.0,其他,False
002312,川发龙蟒,32.9,13.6,33.5,50.0,25.0,36.0,其他,False
605089,味知香,32.9,10.8,36.5,50.0,25.0,36.0,其他,False
600792,云煤能源,32.8,23.1,41.5,25.0,37.5,28.0,其他,False
002493,荣盛石化,32.8,13.6,31.5,50.0,37.5,28.0,其他,False
000576,甘化科工,32.8,12.3,38.5,40.0,32.5,36.0,其他,False
601099,太平洋,32.8,24.1,41.5,10.0,37.5,48.0,其他,False
002696,百洋股份,32.8,20.9,31.5,30.0,32.5,48.0,其他,False
002953,日丰股份,32.8,21.8,34.5,25.0,32.5,48.0,其他,False
003005,竞业达,32.8,14.0,34.5,40.0,37.5,36.0,其他,False
600062,华润双鹤,32.8,26.7,33.5,15.0,32.5,56.0,其他,False
600271,航天信息,32.8,22.1,34.5,25.0,32.5,48.0,其他,False
600702,舍得酒业,32.8,20.5,41.5,20.0,42.5,36.0,白酒,False
600212,绿能慧充,32.8,13.5,41.5,40.0,32.5,28.0,其他,False
600805,悦达投资,32.8,21.7,38.5,20.0,32.5,48.0,其他,False
001323,慕思股份,32.8,11.8,38.5,30.0,50.0,36.0,其他,False
001278,一彬科技,32.8,24.4,46.5,20.0,32.5,28.0,其他,False
002813,路畅科技,32.8,21.4,46.5,25.0,30.0,28.0,其他,False
002835,同为股份,32.8,18.6,31.5,30.0,37.5,48.0,其他,False
002541,鸿路钢构,32.8,16.8,34.5,45.0,32.5,28.0,其他,False
600754,锦江酒店,32.7,8.1,22.5,55.0,50.0,36.0,其他,False
601155,新城控股,32.7,18.6,34.5,30.0,52.5,28.0,其他,False
601218,吉鑫科技,32.7,20.6,41.5,35.0,25.0,28.0,其他,False
002315,焦点科技,32.7,4.5,43.5,40.0,37.5,36.0,其他,False
002614,奥佳华,32.7,16.9,41.5,30.0,32.5,36.0,其他,False
600763,通策医疗,32.7,13.1,33.5,45.0,32.5,36.0,其他,False
601065,江盐集团,32.6,26.5,36.5,10.0,32.5,56.0,其他,False
000524,岭南控股,32.6,13.2,33.5,40.0,40.0,36.0,其他,False
002264,新 华 都,32.6,7.0,31.5,50.0,40.0,36.0,其他,False
603707,健友股份,32.6,17.7,36.5,25.0,40.0,44.0,其他,False
603028,赛福天,32.6,36.3,39.0,5.0,32.5,40.0,其他,False
600373,中文传媒,32.6,22.2,41.5,10.0,40.0,48.0,其他,False
000753,漳州发展,32.6,20.0,41.5,30.0,25.0,36.0,其他,False
000902,新洋丰,32.6,23.4,38.5,25.0,32.5,36.0,其他,False
600997,开滦股份,32.6,27.2,41.5,5.0,37.5,48.0,其他,False
000983,山西焦煤,32.5,31.5,41.5,10.0,32.5,36.0,其他,False
605005,合兴股份,32.5,24.6,34.5,25.0,37.5,36.0,其他,False
000948,南天信息,32.5,20.7,34.5,25.0,32.5,48.0,其他,False
002252,上海莱士,32.5,22.0,38.5,10.0,37.5,56.0,其他,False
002268,电科网安,32.5,21.8,34.5,10.0,55.0,48.0,其他,False
600261,阳光照明,32.5,25.5,40.5,10.0,47.5,36.0,其他,False
600855,航天长峰,32.5,15.4,46.5,30.0,32.5,28.0,其他,False
002839,张家港行,32.5,23.6,33.5,25.0,32.5,44.0,其他,False
001221,悍高集团,32.5,12.0,41.5,45.0,25.0,28.0,其他,False
000661,长春高新,32.5,20.2,41.5,20.0,40.0,36.0,其他,False
603185,弘元绿能,32.5,4.0,34.5,55.0,40.0,28.0,其他,False
600853,龙建股份,32.5,19.2,34.5,35.0,32.5,36.0,其他,False
600715,文投控股,32.5,23.6,44.5,10.0,30.0,48.0,其他,False
000785,居然智家,32.5,24.1,44.5,5.0,37.5,48.0,其他,False
601186,中国铁建,32.5,24.6,38.5,5.0,40.0,56.0,其他,False
600606,绿地控股,32.4,35.5,46.5,5.0,30.0,28.0,其他,False
003020,立方制药,32.4,11.0,38.5,35.0,40.0,36.0,其他,False
000530,冰山冷热,32.4,24.1,46.5,5.0,32.5,48.0,其他,False
600960,渤海汽车,32.4,22.5,44.5,5.0,40.0,48.0,其他,False
600843,上工申贝,32.4,16.1,55.5,5.0,30.0,48.0,其他,False
002003,伟星股份,32.4,23.1,31.5,25.0,32.5,48.0,其他,False
600493,凤竹纺织,32.4,24.3,34.5,20.0,32.5,48.0,其他,False
001395,亚联机械,32.3,24.7,41.5,10.0,32.5,48.0,其他,False
600420,国药现代,32.3,24.6,33.5,10.0,40.0,56.0,其他,False
600664,哈药股份,32.3,22.8,41.5,25.0,25.0,36.0,其他,False
601005,重庆钢铁,32.3,27.9,31.5,5.0,32.5,68.0,其他,False
000655,金岭矿业,32.3,17.2,41.5,20.0,45.0,36.0,其他,False
601616,广电电气,32.3,20.3,34.5,30.0,32.5,40.0,其他,False
603238,诺邦股份,32.3,14.7,38.5,40.0,32.5,28.0,其他,False
600129,太极集团,32.3,22.1,41.5,10.0,37.5,48.0,其他,False
601800,中国交建,32.3,12.9,33.5,35.0,37.5,44.0,其他,False
601857,中国石油,32.3,25.4,31.5,25.0,40.0,36.0,其他,False
603568,伟明环保,32.3,16.2,47.5,15.0,42.5,36.0,其他,False
605158,华达新材,32.2,29.7,46.5,20.0,25.0,20.0,其他,False
603355,莱克电气,32.2,30.7,46.5,10.0,30.0,28.0,其他,False
601236,红塔证券,32.2,24.3,38.5,10.0,30.0,56.0,其他,False
600693,东百集团,32.2,6.1,38.5,50.0,32.5,28.0,其他,False
600495,晋西车轴,32.2,23.7,41.5,5.0,32.5,56.0,其他,False
600048,保利发展,32.2,29.3,46.5,5.0,32.5,36.0,其他,False
002895,川恒股份,32.2,17.4,38.5,35.0,25.0,36.0,其他,False
000096,广聚能源,32.1,18.3,33.5,35.0,32.5,36.0,其他,False
600501,航天晨光,32.1,7.3,38.5,45.0,37.5,28.0,其他,False
600663,陆家嘴,32.1,21.1,50.5,15.0,32.5,28.0,其他,False
000020,深华发Ａ,32.1,17.2,36.5,35.0,37.5,28.0,其他,False
605188,国光连锁,32.1,7.8,33.5,50.0,30.0,36.0,其他,False
603988,中电电机,32.1,10.8,41.5,40.0,32.5,28.0,其他,False
003042,中农联合,32.1,20.7,31.5,30.0,40.0,36.0,其他,False
603519,立霸股份,32.1,28.4,43.5,5.0,40.0,36.0,其他,False
600616,金枫酒业,32.1,27.6,31.5,15.0,37.5,48.0,其他,False
600613,神奇制药,32.1,22.7,38.5,15.0,32.5,48.0,其他,False
002679,福建金森,32.1,17.2,26.5,35.0,50.0,36.0,其他,False
000825,太钢不锈,32.1,19.3,44.5,20.0,32.5,36.0,其他,False
601528,瑞丰银行,32.1,27.4,33.5,10.0,32.5,56.0,其他,False
603187,海容冷链,32.1,18.3,41.5,25.0,32.5,36.0,其他,False
002707,众信旅游,32.1,18.7,41.5,20.0,40.0,36.0,其他,False
600774,汉商集团,32.0,19.0,38.5,15.0,40.0,48.0,其他,False
600794,保税科技,32.0,26.1,38.5,10.0,32.5,48.0,其他,False
002627,三峡旅游,32.0,20.8,38.5,25.0,32.5,36.0,其他,False
000915,华特达因,32.0,22.1,34.5,20.0,25.0,56.0,其他,False
000889,中嘉博创,32.0,24.8,46.5,25.0,25.0,20.0,其他,False
601216,君正集团,32.0,34.4,34.5,5.0,32.5,48.0,其他,False
003008,开普检测,32.0,27.2,31.5,15.0,37.5,48.0,其他,False
600054,黄山旅游,32.0,23.3,33.5,25.0,37.5,36.0,其他,False
600662,外服控股,32.0,18.1,33.5,35.0,32.5,36.0,其他,False
002736,国信证券,32.0,22.3,38.5,10.0,32.5,56.0,其他,False
002322,理工能科,32.0,18.7,44.5,20.0,32.5,36.0,其他,False
003038,鑫铂股份,32.0,18.5,38.5,20.0,32.5,48.0,其他,False
002915,中欣氟材,32.0,22.0,55.5,5.0,45.0,20.0,其他,False
000813,德展健康,32.0,24.1,46.5,15.0,42.5,20.0,其他,False
000676,智度股份,32.0,14.5,34.5,35.0,37.5,36.0,其他,False
002016,世荣兆业,32.0,14.1,33.5,40.0,32.5,36.0,其他,False
603239,浙江仙通,32.0,17.1,53.5,10.0,42.5,28.0,其他,False
002588,史丹利,31.9,9.9,33.5,45.0,32.5,36.0,其他,False
002550,千红制药,31.9,16.0,44.5,20.0,37.5,36.0,其他,False
600789,鲁抗医药,31.9,30.0,34.5,10.0,32.5,48.0,其他,False
601900,南方传媒,31.9,21.8,34.5,15.0,32.5,56.0,其他,False
002330,得利斯,31.9,21.6,31.5,20.0,40.0,48.0,其他,False
002758,浙农股份,31.9,14.2,38.5,30.0,37.5,36.0,其他,False
600399,抚顺特钢,31.9,13.8,41.5,25.0,40.0,36.0,其他,False
000708,中信特钢,31.9,20.7,38.5,20.0,40.0,36.0,其他,False
603222,济民健康,31.9,25.9,46.5,10.0,37.5,28.0,其他,False
600418,江淮汽车,31.9,16.7,34.5,25.0,57.5,28.0,其他,False
603717,天域生物,31.9,32.4,46.5,5.0,32.5,28.0,其他,False
000034,神州数码,31.9,2.8,46.5,45.0,37.5,20.0,其他,False
002282,博深股份,31.8,25.8,34.5,10.0,40.0,48.0,其他,False
605050,福然德,31.8,21.7,38.5,20.0,37.5,36.0,其他,False
600256,广汇能源,31.8,35.0,34.5,5.0,37.5,40.0,其他,False
000917,电广传媒,31.8,9.5,41.5,30.0,40.0,36.0,其他,False
603101,汇嘉时代,31.8,9.2,45.5,40.0,25.0,28.0,其他,False
605507,国邦医药,31.8,21.3,27.5,25.0,40.0,48.0,其他,False
002540,亚太科技,31.8,17.7,38.5,25.0,37.5,36.0,磁性材料,False
000735,罗 牛 山,31.8,13.0,41.5,30.0,32.5,36.0,其他,False
002423,中粮资本,31.8,22.7,33.5,20.0,32.5,48.0,其他,False
601999,出版传媒,31.8,10.9,33.5,40.0,37.5,36.0,其他,False
600032,浙江新能,31.8,28.5,46.5,10.0,40.0,20.0,其他,False
601162,天风证券,31.8,23.7,41.5,10.0,30.0,48.0,其他,False
000157,中联重科,31.8,17.0,41.5,25.0,32.5,36.0,其他,False
001234,泰慕士,31.8,23.9,50.5,20.0,25.0,20.0,其他,False
601512,中新集团,31.7,20.1,53.5,15.0,25.0,28.0,其他,False
603551,奥普科技,31.7,22.7,31.5,30.0,32.5,36.0,其他,False
002201,九鼎新材,31.7,13.6,53.5,25.0,22.5,28.0,其他,False
600468,百利电气,31.7,16.5,41.5,25.0,32.5,36.0,其他,False
600751,海航科技,31.7,17.4,34.5,35.0,37.5,28.0,其他,False
003035,南网能源,31.7,20.4,41.5,30.0,25.0,28.0,其他,False
002651,利君股份,31.7,15.6,38.5,30.0,32.5,36.0,其他,False
603586,金麒麟,31.7,21.7,55.5,5.0,25.0,36.0,其他,False
600513,联环药业,31.7,20.7,33.5,35.0,32.5,28.0,其他,False
000503,国新健康,31.7,21.4,34.5,20.0,32.5,48.0,其他,False
000156,华数传媒,31.7,26.7,34.5,10.0,37.5,48.0,其他,False
603300,海南华铁,31.7,13.8,41.5,30.0,30.0,36.0,其他,False
002180,奔图科技,31.7,21.1,46.5,10.0,32.5,40.0,其他,False
600161,天坛生物,31.7,21.6,44.5,10.0,40.0,36.0,其他,False
000058,深 赛 格,31.7,23.7,34.5,25.0,32.5,36.0,其他,False
600859,王府井,31.7,19.1,36.5,25.0,37.5,36.0,其他,False
600757,长江传媒,31.7,22.3,33.5,10.0,40.0,56.0,其他,False
002217,合力泰,31.6,23.5,46.5,20.0,32.5,20.0,其他,False
605296,神农集团,31.6,31.0,46.5,5.0,32.5,28.0,其他,False
000028,国药一致,31.6,27.8,38.5,5.0,25.0,56.0,其他,False
605567,春雪食品,31.6,21.6,31.5,20.0,37.5,48.0,其他,False
002666,德联集团,31.6,21.0,34.5,20.0,32.5,48.0,其他,False
000718,苏宁环球,31.6,28.8,34.5,10.0,32.5,48.0,其他,False
600195,中牧股份,31.6,19.3,38.5,25.0,32.5,36.0,其他,False
002987,京北方,31.6,21.2,43.5,5.0,37.5,48.0,其他,False
000521,长虹美菱,31.6,26.0,34.5,5.0,37.5,56.0,其他,False
600796,钱江生化,31.6,16.2,33.5,35.0,32.5,36.0,其他,False
002140,东华科技,31.6,17.1,36.5,30.0,32.5,36.0,其他,False
002999,天禾股份,31.6,23.2,31.5,35.0,22.5,36.0,其他,False
002605,姚记科技,31.6,17.3,31.5,25.0,37.5,48.0,其他,False
603173,福斯达,31.6,17.0,34.5,25.0,32.5,48.0,其他,False
603278,大业股份,31.5,34.8,46.5,5.0,32.5,20.0,其他,False
003017,大洋生物,31.5,23.1,34.5,30.0,32.5,28.0,其他,False
601633,长城汽车,31.5,15.9,33.5,25.0,40.0,44.0,新能源汽车,False
605009,豪悦护理,31.5,23.9,33.5,25.0,32.5,36.0,其他,False
002523,天桥起重,31.5,20.3,34.5,25.0,37.5,36.0,其他,False
600826,兰生股份,31.5,19.1,41.5,25.0,25.0,36.0,其他,False
002095,生 意 宝,31.5,15.5,31.5,35.0,37.5,36.0,其他,False
002399,海普瑞,31.5,24.7,34.5,10.0,40.0,48.0,其他,False
600827,百联股份,31.5,28.4,34.5,10.0,32.5,48.0,其他,False
000059,华锦股份,31.5,16.1,33.5,35.0,32.5,36.0,其他,False
000061,农 产 品,31.5,10.9,38.5,35.0,32.5,36.0,其他,False
002738,中矿资源,31.5,4.3,45.5,45.0,32.5,20.0,有色金属、工业金属,False
002221,东华能源,31.5,14.2,31.5,35.0,40.0,36.0,其他,False
002279,久其软件,31.5,11.9,41.5,35.0,32.5,28.0,其他,False
002238,天威视讯,31.4,20.8,39.0,10.0,37.5,48.0,其他,False
000927,中国铁物,31.4,28.1,44.5,5.0,32.5,36.0,其他,False
000816,智慧农业,31.4,15.8,41.5,20.0,40.0,36.0,其他,False
603180,金牌家居,31.4,25.5,34.5,10.0,37.5,48.0,其他,False
003027,同兴科技,31.4,27.8,46.5,10.0,37.5,20.0,其他,False
002103,广博股份,31.4,15.5,41.5,25.0,32.5,36.0,其他,False
002911,佛燃能源,31.4,13.1,43.5,25.0,32.5,36.0,其他,False
002889,东方嘉盛,31.4,23.6,39.0,5.0,40.0,48.0,其他,False
601618,中国中冶,31.4,28.1,31.5,5.0,37.5,56.0,其他,False
000009,中国宝安,31.4,19.5,33.5,30.0,32.5,36.0,其他,False
002292,奥飞娱乐,31.4,23.9,34.5,15.0,32.5,48.0,其他,False
605169,洪通燃气,31.4,29.0,39.0,5.0,37.5,40.0,其他,False
000850,华茂股份,31.4,17.0,37.5,20.0,32.5,48.0,其他,False
601789,宁波建工,31.4,30.0,46.5,5.0,32.5,28.0,其他,False
000875,电投绿能,31.3,25.6,46.5,10.0,32.5,28.0,其他,False
605066,天正电气,31.3,27.5,34.5,10.0,32.5,48.0,其他,False
603017,中衡设计,31.3,20.1,53.5,10.0,30.0,28.0,其他,False
002632,道明光学,31.3,19.3,44.5,10.0,37.5,40.0,其他,False
601686,友发集团,31.3,23.2,38.5,5.0,32.5,56.0,其他,False
600518,康美药业,31.3,20.9,37.5,10.0,40.0,48.0,其他,False
000523,红棉股份,31.3,26.9,39.0,5.0,32.5,48.0,其他,False
002884,凌霄泵业,31.3,20.9,31.5,30.0,32.5,36.0,其他,False
603315,福鞍股份,31.3,22.0,46.5,20.0,32.5,20.0,其他,False
000981,山子高科,31.3,17.9,46.5,20.0,32.5,28.0,其他,False
000928,中钢国际,31.2,23.9,41.5,5.0,32.5,48.0,其他,False
002020,京新药业,31.2,22.1,27.5,30.0,37.5,36.0,其他,False
001325,元创股份,31.2,14.7,41.5,30.0,32.5,28.0,其他,False
600861,北京人力,31.2,18.6,33.5,20.0,40.0,44.0,其他,False
000158,常山北明,31.2,10.8,38.5,35.0,30.0,36.0,其他,False
002864,盘龙药业,31.2,20.8,34.5,15.0,37.5,48.0,其他,False
002389,航天彩虹,31.2,21.5,34.5,25.0,32.5,36.0,其他,False
001228,永泰运,31.2,22.6,46.5,5.0,37.5,36.0,其他,False
002982,湘佳股份,31.2,22.2,31.5,20.0,32.5,48.0,其他,False
002661,克明食品,31.2,23.2,36.5,20.0,32.5,36.0,其他,False
000999,华润三九,31.2,21.6,22.5,35.0,32.5,44.0,其他,False
601555,东吴证券,31.2,26.9,34.5,10.0,32.5,48.0,其他,False
002321,华英农业,31.2,17.5,38.5,25.0,32.5,36.0,其他,False
603918,金桥信息,31.2,17.7,34.5,30.0,32.5,36.0,其他,False
605162,新中港,31.2,28.1,41.5,10.0,37.5,28.0,其他,False
601318,中国平安,31.2,25.6,33.5,10.0,37.5,48.0,其他,False
000048,京基智农,31.2,16.2,43.5,20.0,32.5,36.0,其他,False
605028,世茂能源,31.2,16.2,37.5,30.0,37.5,28.0,其他,False
600252,中恒集团,31.1,23.3,36.5,15.0,40.0,36.0,其他,False
600282,南钢股份,31.1,14.4,33.5,35.0,32.5,36.0,其他,False
603334,丰倍生物,31.1,6.6,41.5,35.0,40.0,28.0,其他,False
603177,德创环保,31.1,28.2,34.5,10.0,37.5,40.0,其他,False
605398,新炬网络,31.1,14.8,34.5,30.0,37.5,36.0,其他,False
600557,康缘药业,31.1,17.9,41.5,20.0,32.5,36.0,其他,False
002237,恒邦股份,31.1,13.2,38.5,35.0,32.5,28.0,有色金属,False
603321,梅轮电梯,31.1,27.2,31.5,10.0,37.5,48.0,其他,False
600597,光明乳业,31.1,25.0,33.5,5.0,37.5,56.0,其他,False
603230,内蒙新华,31.1,22.7,34.5,15.0,32.5,48.0,其他,False
600657,信达地产,31.1,29.7,34.5,10.0,47.5,28.0,其他,False
002372,伟星新材,31.1,24.8,38.5,15.0,32.5,36.0,其他,False
002398,垒知集团,31.1,25.8,31.5,10.0,40.0,48.0,其他,False
003012,东鹏控股,31.1,18.4,41.5,10.0,47.5,36.0,其他,False
002190,成飞集成,31.1,17.0,46.5,20.0,32.5,28.0,其他,False
000541,佛山照明,31.1,20.9,38.5,5.0,57.5,36.0,其他,False
000505,京粮控股,31.1,24.8,46.5,5.0,32.5,36.0,其他,False
600280,中央商场,31.0,25.2,31.5,15.0,32.5,48.0,其他,False
000568,泸州老窖,31.0,19.7,27.5,35.0,32.5,36.0,白酒,False
000596,古井贡酒,31.0,11.2,33.5,35.0,37.5,36.0,白酒,False
603215,比依股份,31.0,21.7,37.5,20.0,32.5,36.0,其他,False
002933,新兴装备,31.0,22.4,34.5,10.0,40.0,48.0,其他,False
600028,中国石化,31.0,16.1,26.0,30.0,30.0,56.0,其他,False
603628,清源股份,31.0,13.6,41.5,25.0,32.5,36.0,其他,False
002381,双箭股份,31.0,29.3,31.5,5.0,40.0,48.0,其他,False
603062,麦加芯彩,31.0,28.6,46.5,5.0,32.5,28.0,其他,False
603192,汇得科技,31.0,14.0,41.5,20.0,40.0,36.0,其他,False
600648,外高桥,31.0,28.5,31.5,10.0,25.0,56.0,其他,False
002361,神剑股份,31.0,29.4,53.5,5.0,25.0,20.0,其他,False
601007,金陵饭店,30.9,13.2,33.5,40.0,25.0,36.0,其他,False
603798,康普顿,30.9,28.3,46.5,10.0,32.5,20.0,其他,False
603810,丰山集团,30.9,15.7,31.5,30.0,40.0,36.0,其他,False
002539,云图控股,30.9,17.4,33.5,35.0,32.5,28.0,其他,False
002537,海联金汇,30.9,12.3,38.5,30.0,32.5,36.0,其他,False
600800,渤海化学,30.9,28.4,34.5,25.0,32.5,20.0,其他,False
002408,齐翔腾达,30.9,22.3,36.5,20.0,32.5,36.0,其他,False
600764,中国海防,30.9,16.3,38.5,25.0,32.5,36.0,其他,False
002270,华明装备,30.9,8.9,34.5,45.0,32.5,28.0,其他,False
600308,华泰股份,30.9,20.5,41.5,20.0,25.0,36.0,其他,False
601238,广汽集团,30.8,18.0,36.5,20.0,40.0,36.0,新能源汽车,False
603161,科华控股,30.8,23.8,37.5,5.0,37.5,48.0,其他,False
600731,湖南海利,30.8,13.2,33.5,30.0,40.0,36.0,其他,False
000678,襄阳轴承,30.8,28.9,39.0,5.0,32.5,40.0,其他,False
600628,新世界,30.8,22.2,33.5,15.0,32.5,48.0,其他,False
000897,津滨发展,30.8,28.2,31.5,10.0,32.5,48.0,其他,False
603299,苏盐井神,30.8,26.5,34.5,10.0,30.0,48.0,其他,False
002060,广东建工,30.8,32.6,34.5,5.0,25.0,48.0,其他,False
003002,壶化股份,30.8,17.1,50.5,10.0,37.5,28.0,其他,False
603908,牧高笛,30.8,26.0,31.5,10.0,37.5,48.0,其他,False
600691,潞化科技,30.8,16.7,33.5,35.0,25.0,36.0,其他,False
600959,江苏有线,30.8,29.2,34.5,5.0,32.5,48.0,其他,False
603927,中科软,30.8,23.0,34.5,10.0,37.5,48.0,其他,False
600257,大湖股份,30.7,15.3,38.5,25.0,32.5,36.0,其他,False
603348,文灿股份,30.7,14.5,38.5,20.0,42.5,36.0,其他,False
601089,福元医药,30.7,15.8,38.5,20.0,40.0,36.0,其他,False
600159,大龙地产,30.7,27.8,43.5,5.0,37.5,28.0,其他,False
600516,方大炭素,30.7,22.3,31.5,25.0,32.5,36.0,有色金属,False
600346,恒力石化,30.7,1.2,33.5,50.0,40.0,28.0,其他,False
600612,老凤祥,30.7,19.9,33.5,20.0,32.5,44.0,其他,False
600970,中材国际,30.7,21.0,41.5,5.0,47.5,36.0,其他,False
000665,湖北广电,30.7,28.9,34.5,5.0,32.5,48.0,其他,False
002276,万马股份,30.7,16.8,34.5,25.0,37.5,36.0,其他,False
600085,同仁堂,30.7,20.4,33.5,15.0,40.0,44.0,其他,False
000995,皇台酒业,30.7,17.0,39.0,20.0,45.0,28.0,其他,False
000936,华西股份,30.7,11.6,46.5,25.0,32.5,28.0,其他,False
002019,亿帆医药,30.7,16.4,33.5,30.0,32.5,36.0,其他,False
000014,沙河股份,30.7,12.7,33.5,35.0,32.5,36.0,其他,False
002727,一心堂,30.6,18.3,31.5,25.0,40.0,36.0,其他,False
600876,凯盛新能,30.6,22.6,44.5,5.0,32.5,40.0,其他,False
601921,浙版传媒,30.6,26.0,38.5,10.0,25.0,44.0,其他,False
600478,科力远,30.6,13.1,33.5,35.0,30.0,36.0,其他,False
002561,徐家汇,30.6,21.5,33.5,15.0,32.5,48.0,其他,False
000683,博源化工,30.6,12.6,33.5,35.0,40.0,28.0,其他,False
603982,泉峰汽车,30.6,24.2,27.0,20.0,32.5,48.0,其他,False
600327,大东方,30.6,27.6,31.5,10.0,32.5,48.0,其他,False
603613,国联股份,30.6,19.9,53.5,5.0,32.5,28.0,其他,False
002342,巨力索具,30.6,6.6,50.5,25.0,42.5,20.0,其他,False
002486,嘉麟杰,30.6,22.4,31.5,20.0,40.0,36.0,其他,False
002629,仁智股份,30.6,16.9,51.0,5.0,52.5,20.0,其他,False
002418,康盛股份,30.5,33.9,46.5,5.0,25.0,20.0,其他,False
002467,二六三,30.5,15.8,34.5,30.0,30.0,36.0,其他,False
600839,四川长虹,30.5,16.0,38.5,20.0,37.5,36.0,其他,False
600983,惠而浦,30.5,13.9,54.0,5.0,25.0,44.0,其他,False
002385,大北农,30.5,15.6,33.5,20.0,40.0,44.0,其他,False
600448,华纺股份,30.5,25.9,43.5,5.0,40.0,28.0,其他,False
002697,红旗连锁,30.5,20.7,33.5,10.0,32.5,56.0,其他,False
002101,广东鸿图,30.4,19.2,38.5,5.0,32.5,56.0,其他,False
603686,福龙马,30.4,10.3,38.5,30.0,32.5,36.0,其他,False
002551,尚荣医疗,30.4,28.2,31.5,5.0,37.5,48.0,其他,False
600975,新五丰,30.4,27.4,34.5,5.0,32.5,48.0,其他,False
001318,阳光乳业,30.4,19.6,38.5,10.0,32.5,48.0,其他,False
001239,永达股份,30.4,27.4,34.5,5.0,32.5,48.0,其他,False
002949,华阳国际,30.4,24.9,34.5,10.0,30.0,48.0,其他,False
600022,山东钢铁,30.4,19.9,38.5,5.0,40.0,48.0,其他,False
600397,江钨装备,30.4,11.6,34.5,40.0,30.0,28.0,其他,False
600389,江山股份,30.4,19.4,38.5,25.0,30.0,28.0,其他,False
603109,神驰机电,30.4,14.5,41.5,25.0,25.0,36.0,其他,False
600609,金杯汽车,30.4,15.7,38.5,20.0,37.5,36.0,其他,False
600488,津药药业,30.3,23.2,46.5,15.0,30.0,20.0,其他,False
001217,华尔泰,30.3,13.7,38.5,25.0,32.5,36.0,其他,False
002426,胜利精密,30.3,27.7,34.5,5.0,40.0,40.0,其他,False
002771,真视通,30.3,10.6,41.5,25.0,32.5,36.0,其他,False
002242,九阳股份,30.3,17.5,50.5,10.0,32.5,28.0,其他,False
002660,茂硕电源,30.3,24.6,34.5,5.0,37.5,48.0,其他,False
000659,珠海中富,30.3,26.6,39.0,5.0,32.5,40.0,其他,False
002163,海南发展,30.2,9.7,38.5,35.0,32.5,28.0,其他,False
002809,红墙股份,30.2,9.9,34.5,35.0,40.0,28.0,其他,False
603350,安乃达,30.2,23.0,34.5,5.0,40.0,48.0,其他,False
600201,生物股份,30.2,13.7,34.5,30.0,40.0,28.0,其他,False
603569,长久物流,30.2,26.7,34.5,5.0,32.5,48.0,其他,False
600765,中航重机,30.2,13.4,38.5,25.0,32.5,36.0,其他,False
603766,隆鑫通用,30.2,22.4,42.5,5.0,37.5,36.0,其他,False
002146,荣盛发展,30.2,24.3,34.5,5.0,37.5,48.0,其他,False
002045,国光电器,30.2,24.4,34.5,5.0,37.5,48.0,其他,False
000498,山东路桥,30.2,23.5,33.5,5.0,32.5,56.0,其他,False
000068,华控赛格,30.2,25.0,46.5,5.0,32.5,28.0,其他,False
002907,华森制药,30.2,21.2,38.5,15.0,32.5,36.0,其他,False
000888,峨眉山Ａ,30.2,11.8,33.5,30.0,37.5,36.0,其他,False
603131,上海沪工,30.1,24.8,46.5,5.0,32.5,28.0,其他,False
002984,森麒麟,30.1,15.3,33.5,25.0,37.5,36.0,其他,False
603829,洛凯股份,30.1,21.9,50.5,5.0,30.0,28.0,其他,False
002992,宝明科技,30.1,13.8,38.5,25.0,30.0,36.0,其他,False
603861,白云电器,30.1,27.8,34.5,5.0,37.5,40.0,其他,False
002035,华帝股份,30.1,21.4,33.5,15.0,32.5,44.0,其他,False
600335,国机汽车,30.1,26.1,34.5,5.0,32.5,48.0,其他,False
601390,中国中铁,30.1,18.2,38.5,5.0,32.5,56.0,其他,False
600278,东方创业,30.1,26.0,34.5,5.0,32.5,48.0,其他,False
605179,一鸣食品,30.1,13.9,33.5,30.0,32.5,36.0,其他,False
002686,亿利达,30.1,20.9,46.5,10.0,32.5,28.0,其他,False
600629,华建集团,30.1,26.1,41.5,5.0,40.0,28.0,其他,False
002206,海 利 得,30.1,18.5,38.5,10.0,32.5,48.0,其他,False
002219,新里程,30.1,22.2,34.5,10.0,32.5,48.0,其他,False
603611,诺力股份,30.1,22.3,34.5,10.0,32.5,48.0,其他,False
000898,鞍钢股份,30.1,21.9,41.5,5.0,40.0,36.0,其他,False
002419,天虹股份,30.0,17.3,33.5,25.0,32.5,36.0,其他,False
600096,云天化,30.0,18.1,22.5,35.0,37.5,36.0,其他,False
000153,丰原药业,30.0,26.1,31.5,10.0,30.0,48.0,其他,False
600208,衢州发展,30.0,5.4,43.5,35.0,37.5,20.0,其他,False
000710,贝瑞基因,30.0,16.3,46.5,15.0,32.5,28.0,其他,False
600248,陕建股份,30.0,27.5,38.5,5.0,25.0,44.0,其他,False
002093,国脉科技,29.9,6.3,41.5,30.0,30.0,36.0,其他,False
002912,中新赛克,29.9,11.6,27.0,40.0,32.5,36.0,其他,False
600690,海尔智家,29.9,24.3,31.5,10.0,32.5,48.0,其他,False
600108,亚盛集团,29.9,17.4,33.5,25.0,40.0,28.0,其他,False
600748,上实发展,29.9,27.8,46.5,5.0,32.5,20.0,其他,False
600979,广安爱众,29.9,28.3,41.5,10.0,25.0,28.0,其他,False
002589,瑞康医药,29.9,21.3,38.5,5.0,32.5,48.0,其他,False
000560,我爱我家,29.9,23.6,46.5,5.0,32.5,28.0,其他,False
000030,富奥股份,29.9,17.9,36.5,20.0,32.5,36.0,其他,False
002891,中宠股份,29.8,8.6,33.5,40.0,25.0,36.0,其他,False
600010,包钢股份,29.8,24.2,41.5,5.0,32.5,36.0,有色金属、工业金属,False
002639,雪人集团,29.8,4.1,38.5,40.0,32.5,28.0,其他,False
000715,中兴商业,29.8,20.0,41.5,15.0,25.0,36.0,其他,False
000633,合金投资,29.8,23.6,38.5,5.0,40.0,36.0,其他,False
002172,澳洋健康,29.8,17.3,38.5,5.0,40.0,48.0,其他,False
603121,华培动力,29.8,9.8,46.5,20.0,45.0,20.0,其他,False
002314,南山控股,29.8,20.3,41.5,10.0,32.5,36.0,其他,False
603528,多伦科技,29.7,25.6,27.0,10.0,37.5,48.0,其他,False
603106,恒银科技,29.7,20.5,34.5,10.0,32.5,48.0,其他,False
600620,天宸股份,29.7,12.1,41.5,20.0,32.5,36.0,其他,False
002037,保利联合,29.7,24.4,34.5,5.0,32.5,48.0,其他,False
600231,凌钢股份,29.7,31.3,31.5,5.0,25.0,48.0,其他,False
002978,安宁股份,29.7,12.0,41.5,20.0,32.5,36.0,有色金属、工业金属,False
002244,滨江集团,29.6,26.9,46.5,5.0,32.5,20.0,其他,False
600444,国机通用,29.6,22.0,40.5,5.0,37.5,36.0,其他,False
601798,蓝科高新,29.6,19.8,31.5,10.0,40.0,48.0,其他,False
002339,积成电子,29.6,15.0,34.5,30.0,32.5,28.0,其他,False
002357,富临运业,29.6,22.5,46.5,5.0,32.5,28.0,其他,False
002544,普天科技,29.6,12.7,34.5,30.0,37.5,28.0,其他,False
603969,银龙股份,29.6,18.5,46.5,10.0,32.5,28.0,其他,False
603081,大丰实业,29.6,14.1,31.5,35.0,32.5,28.0,其他,False
002286,保龄宝,29.6,14.5,38.5,20.0,32.5,36.0,其他,False
601966,玲珑轮胎,29.6,14.7,33.5,20.0,42.5,36.0,其他,False
000409,云鼎科技,29.5,19.0,41.5,10.0,32.5,36.0,其他,False
002556,辉隆股份,29.5,19.6,36.5,20.0,25.0,36.0,其他,False
002567,唐人神,29.5,23.7,34.5,5.0,32.5,48.0,其他,False
002324,普利特,29.5,7.1,41.5,35.0,25.0,28.0,其他,False
600802,福建水泥,29.5,23.8,34.5,5.0,32.5,48.0,其他,False
600713,南京医药,29.5,24.2,41.5,5.0,30.0,36.0,其他,False
002553,南方精工,29.5,6.9,38.5,25.0,40.0,36.0,其他,False
600249,两面针,29.5,23.0,41.5,5.0,32.5,36.0,其他,False
600216,浙江医药,29.5,19.5,38.5,10.0,37.5,36.0,其他,False
002084,海鸥住工,29.5,24.1,31.5,5.0,37.5,48.0,其他,False
600968,海油发展,29.5,20.5,20.0,25.0,50.0,36.0,其他,False
605338,巴比食品,29.5,3.4,33.5,40.0,32.5,36.0,其他,False
603357,设计总院,29.5,21.3,38.5,10.0,25.0,44.0,其他,False
600386,北巴传媒,29.5,23.7,34.5,5.0,32.5,48.0,其他,False
603987,康德莱,29.5,22.2,38.5,10.0,32.5,36.0,其他,False
603087,甘李药业,29.4,13.9,38.5,20.0,32.5,36.0,其他,False
600803,新奥股份,29.4,24.5,34.5,5.0,30.0,48.0,其他,False
002483,润邦股份,29.4,18.8,41.5,10.0,32.5,36.0,其他,False
000572,海马汽车,29.3,9.9,38.5,20.0,40.0,36.0,其他,False
002995,天地在线,29.3,5.7,38.5,35.0,32.5,28.0,其他,False
603086,先达股份,29.3,12.1,33.5,25.0,37.5,36.0,其他,False
600987,航民股份,29.3,18.2,33.5,20.0,32.5,36.0,其他,False
002670,国盛证券,29.3,18.9,38.5,5.0,32.5,48.0,其他,False
002817,黄山胶囊,29.3,23.2,31.5,10.0,42.5,36.0,其他,False
600808,马钢股份,29.3,7.8,36.5,35.0,32.5,28.0,其他,False
002692,远程股份,29.3,14.0,41.5,25.0,25.0,28.0,其他,False
600173,卧龙新能,29.2,17.6,41.5,10.0,32.5,36.0,其他,False
002732,燕塘乳业,29.2,24.3,26.5,10.0,37.5,48.0,其他,False
600272,开开实业,29.2,23.0,31.5,5.0,37.5,48.0,其他,False
002075,沙钢股份,29.2,16.1,44.5,5.0,37.5,36.0,其他,False
000025,特 力Ａ,29.2,20.7,38.5,10.0,32.5,36.0,其他,False
002304,洋河股份,29.2,15.6,33.5,20.0,37.5,36.0,白酒,False
600643,爱建集团,29.2,22.5,34.5,10.0,37.5,36.0,其他,False
600051,宁波联合,29.2,25.4,31.5,5.0,32.5,48.0,其他,False
600721,百花医药,29.1,16.5,38.5,15.0,32.5,36.0,其他,False
600594,益佰制药,29.1,13.9,44.5,15.0,25.0,36.0,其他,False
605378,野马电池,29.1,15.2,33.5,20.0,37.5,36.0,其他,False
000635,英 力 特,29.1,17.7,41.5,5.0,40.0,36.0,其他,False
600104,上汽集团,29.1,21.4,33.5,5.0,40.0,44.0,新能源汽车,False
000797,中国武夷,29.1,24.9,31.5,5.0,32.5,48.0,其他,False
601015,陕西黑猫,29.1,16.3,41.5,5.0,42.5,36.0,其他,False
000002,万 科Ａ,29.1,8.5,38.5,25.0,32.5,36.0,其他,False
002395,双象股份,29.1,12.7,46.5,20.0,32.5,20.0,其他,False
605090,九丰能源,29.1,14.8,53.5,5.0,30.0,28.0,其他,False
000501,武商集团,29.1,17.8,33.5,15.0,40.0,36.0,其他,False
600486,扬农化工,29.1,11.2,33.5,25.0,37.5,36.0,其他,False
000985,大庆华科,29.1,25.7,33.5,5.0,40.0,36.0,其他,False
000822,山东海化,29.1,14.7,36.5,20.0,32.5,36.0,其他,False
600363,联创光电,29.1,11.7,44.5,5.0,55.0,28.0,其他,False
600865,百大集团,29.1,17.6,33.5,20.0,32.5,36.0,其他,False
600864,哈投股份,29.1,14.3,41.5,20.0,22.5,36.0,其他,False
603216,梦天家居,29.0,3.9,34.5,40.0,42.5,20.0,其他,False
000931,中 关 村,29.0,19.7,38.5,15.0,25.0,36.0,其他,False
600838,上海九百,29.0,13.0,33.5,25.0,32.5,36.0,其他,False
603138,海量数据,29.0,12.5,34.5,35.0,32.5,20.0,其他,False
002343,慈文传媒,29.0,9.6,38.5,20.0,37.5,36.0,其他,False
002363,隆基机械,29.0,21.4,34.5,5.0,32.5,48.0,其他,False
000564,供销大集,29.0,16.2,34.5,10.0,57.5,28.0,其他,False
002743,富煌钢构,28.9,25.3,34.5,5.0,32.5,40.0,其他,False
600862,中航高科,28.9,10.0,41.5,15.0,37.5,36.0,其他,False
600822,上海物贸,28.9,21.9,31.5,5.0,37.5,48.0,其他,False
002565,顺灏股份,28.9,16.6,53.5,10.0,25.0,20.0,其他,False
603887,城地香江,28.9,11.9,34.5,30.0,32.5,28.0,其他,False
002094,青岛金王,28.9,11.7,38.5,20.0,32.5,36.0,其他,False
600299,安迪苏,28.9,20.4,27.5,25.0,37.5,28.0,其他,False
002663,普邦股份,28.9,28.2,34.5,5.0,40.0,28.0,其他,False
600241,时代万恒,28.9,14.6,33.5,25.0,37.5,28.0,其他,False
600732,爱旭股份,28.9,17.1,33.5,20.0,40.0,28.0,其他,False
600675,中华企业,28.9,21.3,34.5,5.0,32.5,48.0,其他,False
002100,天康生物,28.9,28.3,41.5,5.0,25.0,28.0,其他,False
000563,陕国投Ａ,28.8,23.9,33.5,5.0,32.5,44.0,其他,False
002004,华邦健康,28.8,19.0,38.5,10.0,32.5,36.0,其他,False
605116,奥锐特,28.8,12.6,38.5,15.0,37.5,36.0,其他,False
001296,长江材料,28.8,16.2,41.5,10.0,32.5,36.0,其他,False
600287,苏豪时尚,28.8,21.4,31.5,5.0,37.5,48.0,其他,False
605167,利柏特,28.8,14.8,46.5,10.0,42.5,20.0,其他,False
603727,博迈科,28.8,22.4,35.0,5.0,50.0,28.0,其他,False
601898,中煤能源,28.8,24.4,31.5,10.0,45.0,28.0,其他,False
002085,万丰奥威,28.8,15.2,41.5,5.0,42.5,36.0,其他,False
002508,老板电器,28.8,19.2,34.5,15.0,32.5,36.0,其他,False
000039,中集集团,28.8,18.6,46.5,5.0,42.5,20.0,其他,False
603406,天富龙,28.8,19.9,41.5,5.0,32.5,36.0,其他,False
000713,国投丰乐,28.8,23.6,33.5,5.0,32.5,44.0,其他,False
601567,三星电气,28.8,6.8,55.0,10.0,32.5,28.0,其他,False
003040,楚天龙,28.8,16.8,34.5,10.0,32.5,48.0,其他,False
001233,海安集团,28.7,14.9,34.5,25.0,32.5,28.0,其他,False
002239,奥特佳,28.7,18.8,38.5,5.0,40.0,36.0,其他,False
002228,合兴包装,28.7,18.0,31.5,20.0,32.5,36.0,其他,False
603220,中贝通信,28.7,22.8,46.5,5.0,32.5,20.0,其他,False
002373,千方科技,28.7,15.8,41.5,10.0,32.5,36.0,其他,False
002791,坚朗五金,28.7,10.7,41.5,10.0,42.5,36.0,其他,False
000998,隆平高科,28.7,16.3,36.5,10.0,32.5,44.0,其他,False
600250,南京商旅,28.7,14.7,22.5,40.0,25.0,36.0,其他,False
002420,毅昌科技,28.7,15.8,41.5,5.0,40.0,36.0,其他,False
603395,红四方,28.7,15.7,33.5,20.0,32.5,36.0,其他,False
600649,城投控股,28.6,18.1,38.5,10.0,32.5,36.0,其他,False
001367,海森药业,28.6,21.8,34.5,15.0,25.0,36.0,其他,False
600810,神马股份,28.6,5.5,33.5,35.0,37.5,28.0,其他,False
000761,本钢板材,28.6,15.4,41.5,5.0,40.0,36.0,其他,False
002099,海翔药业,28.6,6.4,38.5,25.0,32.5,36.0,其他,False
002597,金禾实业,28.6,11.2,34.5,25.0,40.0,28.0,其他,False
002908,德生科技,28.6,15.8,34.5,15.0,37.5,36.0,其他,False
002104,恒宝股份,28.5,10.5,41.5,10.0,50.0,28.0,其他,False
000069,华侨城Ａ,28.5,11.4,33.5,20.0,40.0,36.0,其他,False
603968,醋化股份,28.5,17.2,34.5,5.0,37.5,48.0,其他,False
600064,南京高科,28.5,17.8,38.5,10.0,32.5,36.0,其他,False
601113,华鼎股份,28.5,22.6,31.5,5.0,32.5,48.0,其他,False
600871,石化油服,28.5,13.9,34.5,20.0,32.5,36.0,其他,False
600359,新农开发,28.5,24.6,31.5,10.0,32.5,36.0,其他,False
603273,天元智能,28.5,19.2,38.5,5.0,37.5,36.0,其他,False
600668,尖峰集团,28.5,7.6,33.5,35.0,32.5,28.0,其他,False
603801,志邦家居,28.5,17.6,38.5,10.0,32.5,36.0,其他,False
600828,茂业商业,28.5,10.7,41.5,15.0,32.5,36.0,其他,False
600785,新华百货,28.4,14.9,34.5,25.0,30.0,28.0,其他,False
601599,浙文影业,28.4,14.5,33.5,20.0,32.5,36.0,其他,False
002564,天沃科技,28.4,23.4,34.5,5.0,32.5,40.0,其他,False
603566,普莱柯,28.4,15.5,33.5,15.0,30.0,44.0,其他,False
600571,信雅达,28.4,11.3,34.5,20.0,37.5,36.0,其他,False
605368,蓝天燃气,28.4,20.3,26.5,5.0,37.5,56.0,其他,False
001338,永顺泰,28.4,21.5,38.5,5.0,32.5,36.0,其他,False
600438,通威股份,28.4,18.1,27.5,20.0,37.5,36.0,光伏,False
000789,万年青,28.4,19.0,36.5,5.0,32.5,44.0,其他,False
603218,日月股份,28.3,18.0,41.5,5.0,32.5,36.0,其他,False
603258,电魂网络,28.3,9.6,38.5,15.0,40.0,36.0,其他,False
600313,农发种业,28.3,9.1,38.5,20.0,32.5,36.0,其他,False
002852,道道全,28.3,12.7,38.5,20.0,25.0,36.0,其他,False
600760,中航沈飞,28.3,15.5,41.5,5.0,37.5,36.0,其他,False
601601,中国太保,28.3,19.7,33.5,10.0,37.5,36.0,其他,False
002583,海能达,28.3,13.2,38.5,15.0,32.5,36.0,其他,False
600477,杭萧钢构,28.3,18.8,34.5,5.0,32.5,48.0,其他,False
002659,凯文教育,28.3,10.4,33.5,25.0,32.5,36.0,其他,False
000065,北方国际,28.3,24.7,34.5,5.0,32.5,36.0,其他,False
603668,天马科技,28.2,10.1,33.5,20.0,40.0,36.0,其他,False
600966,博汇纸业,28.2,14.3,44.5,5.0,32.5,36.0,其他,False
603103,横店影视,28.2,14.3,44.5,5.0,32.5,36.0,其他,False
600569,安阳钢铁,28.2,21.3,37.5,5.0,32.5,36.0,其他,False
002840,华统股份,28.2,16.6,50.5,5.0,32.5,20.0,其他,False
601628,中国人寿,28.2,17.6,38.5,10.0,30.0,36.0,其他,False
002637,赞宇科技,28.2,5.9,34.5,35.0,40.0,20.0,其他,False
002777,久远银海,28.2,16.8,39.0,10.0,40.0,28.0,其他,False
002218,拓日新能,28.1,13.1,41.5,20.0,25.0,28.0,其他,False
600729,重百集团,28.1,21.0,33.5,10.0,32.5,36.0,其他,False
000788,北大医药,28.1,19.9,38.5,10.0,25.0,36.0,其他,False
600230,沧州大化,28.1,7.0,33.5,35.0,30.0,28.0,其他,False
600833,第一医药,28.1,26.9,31.5,5.0,32.5,36.0,其他,False
002116,中国海诚,28.1,19.3,38.5,5.0,25.0,44.0,其他,False
002879,长缆科技,28.1,5.4,41.5,25.0,32.5,28.0,其他,False
605337,李子园,28.1,21.3,33.5,10.0,32.5,36.0,其他,False
002790,瑞尔特,28.0,15.7,38.5,10.0,32.5,36.0,其他,False
603898,好莱客,28.0,16.7,37.5,10.0,32.5,36.0,其他,False
002088,鲁阳节能,28.0,16.6,41.5,5.0,32.5,36.0,其他,False
000731,四川美丰,28.0,21.6,36.5,5.0,32.5,36.0,其他,False
600638,新黄浦,28.0,16.8,41.5,10.0,32.5,28.0,其他,False
002021,中捷资源,28.0,25.6,34.5,5.0,37.5,28.0,其他,False
605108,同庆楼,28.0,10.0,36.5,20.0,32.5,36.0,其他,False
600371,万向德农,28.0,22.6,31.5,10.0,32.5,36.0,其他,False
000525,红太阳,27.9,20.1,33.5,10.0,32.5,36.0,其他,False
000757,浩物股份,27.9,22.4,31.5,5.0,40.0,36.0,其他,False
603529,爱玛科技,27.9,7.7,50.0,5.0,32.5,36.0,其他,False
603385,惠达卫浴,27.9,22.4,31.5,10.0,32.5,36.0,其他,False
603639,海利尔,27.9,17.8,32.5,10.0,40.0,36.0,其他,False
600403,大有能源,27.9,14.2,38.5,5.0,42.5,36.0,其他,False
600436,片仔癀,27.9,12.9,33.5,15.0,40.0,36.0,其他,False
002728,特一药业,27.9,8.8,38.5,20.0,30.0,36.0,其他,False
600741,华域汽车,27.8,15.9,33.5,5.0,40.0,44.0,其他,False
600556,天下秀,27.8,5.8,41.5,20.0,37.5,28.0,其他,False
002096,易普力,27.8,13.2,41.5,5.0,37.5,36.0,其他,False
000786,北新建材,27.8,22.0,31.5,10.0,32.5,36.0,其他,False
000968,蓝焰控股,27.8,25.9,31.5,10.0,32.5,28.0,其他,False
600716,凤凰股份,27.7,18.8,38.5,5.0,40.0,28.0,其他,False
002788,鹭燕医药,27.7,8.8,41.5,20.0,30.0,28.0,其他,False
600967,内蒙一机,27.7,13.1,41.5,5.0,37.5,36.0,其他,False
002548,金新农,27.7,6.9,38.5,25.0,32.5,28.0,其他,False
600684,珠江股份,27.6,7.6,33.5,20.0,40.0,36.0,其他,False
600579,中化装备,27.6,14.5,38.5,5.0,40.0,36.0,其他,False
600990,四创电子,27.6,15.4,38.5,5.0,37.5,36.0,其他,False
000919,金陵药业,27.6,17.5,38.5,10.0,25.0,36.0,其他,False
002724,海洋王,27.6,10.0,38.5,15.0,32.5,36.0,元件、被动元件,False
002098,浔兴股份,27.6,13.9,38.5,10.0,32.5,36.0,其他,False
000860,顺鑫农业,27.5,12.7,33.5,10.0,45.0,36.0,其他,False
603326,我乐家居,27.5,18.0,31.5,15.0,30.0,36.0,其他,False
601595,上海电影,27.5,18.4,33.5,10.0,32.5,36.0,其他,False
603612,索通发展,27.4,9.7,30.5,30.0,32.5,28.0,其他,False
600742,富维股份,27.4,14.6,38.5,5.0,37.5,36.0,其他,False
000558,天府文旅,27.4,10.0,41.5,10.0,32.5,36.0,其他,False
002783,凯龙股份,27.4,10.7,38.5,10.0,37.5,36.0,其他,False
600812,华北制药,27.4,13.3,33.5,10.0,42.5,36.0,其他,False
002173,创新医疗,27.4,18.3,39.0,5.0,37.5,28.0,其他,False
600103,XD青山纸,27.4,16.8,46.5,5.0,25.0,28.0,其他,False
603331,百达精工,27.4,9.8,46.5,10.0,40.0,20.0,其他,False
600644,乐山电力,27.4,28.7,34.5,5.0,25.0,28.0,其他,False
001208,华菱线缆,27.4,5.6,34.5,30.0,32.5,28.0,其他,False
002383,合众思壮,27.4,17.3,34.5,10.0,32.5,36.0,其他,False
000019,深粮控股,27.3,21.7,33.5,5.0,32.5,36.0,其他,False
002223,鱼跃医疗,27.3,6.6,38.5,15.0,37.5,36.0,其他,False
000830,鲁西化工,27.3,11.9,33.5,20.0,37.5,28.0,其他,False
601611,中国核建,27.3,11.3,41.5,5.0,37.5,36.0,其他,False
601012,隆基绿能,27.3,16.6,38.5,5.0,32.5,36.0,激光设备、光伏,False
002595,豪迈科技,27.3,6.9,33.5,30.0,40.0,20.0,其他,False
603136,天目湖,27.2,21.1,33.5,10.0,25.0,36.0,其他,False
603000,人民网,27.2,16.4,34.5,10.0,32.5,36.0,其他,False
002773,康弘药业,27.2,9.7,33.5,20.0,32.5,36.0,其他,False
000726,鲁 泰Ａ,27.2,17.4,33.5,10.0,32.5,36.0,其他,False
600585,海螺水泥,27.2,17.2,33.5,10.0,32.5,36.0,其他,False
600679,上海凤凰,27.1,17.1,33.5,5.0,40.0,36.0,其他,False
002905,金逸影视,27.1,12.6,38.5,10.0,40.0,28.0,其他,False
002492,恒基达鑫,27.0,9.2,38.5,10.0,37.5,36.0,其他,False
002478,常宝股份,27.0,7.8,38.5,20.0,32.5,28.0,其他,False
603599,广信股份,27.0,10.0,33.5,25.0,30.0,28.0,其他,False
603886,元祖股份,27.0,15.8,26.5,20.0,32.5,36.0,其他,False
002714,牧原股份,27.0,16.8,33.5,5.0,40.0,36.0,其他,False
001220,世盟股份,27.0,11.6,38.5,10.0,32.5,36.0,其他,False
603011,合锻智能,27.0,17.3,34.5,10.0,37.5,28.0,其他,False
002623,亚玛顿,26.9,15.2,46.5,5.0,32.5,20.0,其他,False
600618,氯碱化工,26.9,3.6,38.5,25.0,32.5,28.0,其他,False
002233,塔牌集团,26.9,19.7,33.5,10.0,25.0,36.0,其他,False
603381,永臻股份,26.9,20.6,34.5,5.0,25.0,40.0,其他,False
600645,中源协和,26.9,8.1,33.5,20.0,32.5,36.0,其他,False
600410,华胜天成,26.9,7.7,34.5,25.0,32.5,28.0,其他,False
600708,光明地产,26.8,22.7,34.5,5.0,32.5,28.0,其他,False
002394,联发股份,26.7,16.5,41.5,5.0,30.0,28.0,其他,False
603787,新日股份,26.7,11.9,38.5,5.0,37.5,36.0,其他,False
002459,晶澳科技,26.7,17.5,31.5,5.0,40.0,36.0,其他,False
605333,沪光股份,26.6,9.1,27.0,20.0,50.0,28.0,其他,False
000017,深中华A,26.6,15.1,33.5,5.0,40.0,36.0,其他,False
600284,浦东建设,26.6,21.9,34.5,5.0,32.5,28.0,其他,False
601118,海南橡胶,26.6,14.1,46.5,5.0,32.5,20.0,其他,False
600128,苏豪弘业,26.6,18.6,33.5,5.0,32.5,36.0,其他,False
000705,浙江震元,26.6,13.4,32.5,10.0,37.5,36.0,其他,False
600817,宇通重工,26.5,14.2,33.5,10.0,32.5,36.0,其他,False
600749,西藏旅游,26.5,13.4,38.5,5.0,32.5,36.0,其他,False
000759,中百集团,26.5,14.4,31.5,10.0,32.5,40.0,其他,False
603456,九洲药业,26.5,9.1,36.5,10.0,37.5,36.0,其他,False
001386,马可波罗,26.5,9.5,38.5,10.0,32.5,36.0,其他,False
601311,骆驼股份,26.5,18.5,34.5,5.0,30.0,36.0,其他,False
000533,顺钠股份,26.4,17.2,34.5,20.0,25.0,20.0,其他,False
600722,金牛化工,26.4,20.9,38.5,10.0,25.0,20.0,其他,False
002073,软控股份,26.4,10.5,33.5,10.0,40.0,36.0,其他,False
601619,嘉泽新能,26.4,16.9,34.5,15.0,25.0,28.0,其他,False
605286,同力天启,26.4,17.3,34.5,5.0,40.0,28.0,其他,False
600097,开创国际,26.4,15.9,31.5,10.0,32.5,36.0,其他,False
600551,时代出版,26.4,17.0,34.5,5.0,32.5,36.0,其他,False
601890,亚星锚链,26.4,14.0,33.5,10.0,32.5,36.0,其他,False
600676,交运股份,26.3,8.2,46.5,5.0,42.5,20.0,其他,False
603105,芯能科技,26.3,16.5,34.5,15.0,25.0,28.0,其他,False
002601,龙佰集团,26.3,4.2,34.5,20.0,42.5,28.0,氟化工,False
003015,日久光电,26.3,16.1,27.5,10.0,40.0,36.0,其他,False
600782,新钢股份,26.3,13.5,38.5,5.0,30.0,36.0,其他,False
000932,华菱钢铁,26.3,7.7,38.5,5.0,42.5,36.0,其他,False
601808,中海油服,26.3,16.7,22.5,20.0,32.5,36.0,其他,False
002682,龙洲股份,26.2,12.3,34.5,5.0,40.0,36.0,其他,False
603393,新天然气,26.2,12.6,34.5,10.0,40.0,28.0,其他,False
000545,金浦钛业,26.1,19.6,34.5,5.0,32.5,28.0,其他,False
600860,京城股份,26.1,13.2,27.0,5.0,40.0,48.0,其他,False
600178,东安动力,26.1,6.4,41.5,5.0,37.5,36.0,其他,False
002393,力生制药,26.1,5.6,36.5,15.0,32.5,36.0,其他,False
002676,顺威股份,26.1,8.8,41.5,20.0,25.0,20.0,其他,False
000410,沈阳机床,26.0,15.1,34.5,5.0,32.5,36.0,其他,False
002131,利欧股份,26.0,3.6,39.0,20.0,40.0,20.0,其他,False
002535,林州重机,26.0,18.7,31.5,5.0,40.0,28.0,其他,False
002356,赫美集团,26.0,15.3,38.5,5.0,32.5,28.0,其他,False
000923,河钢资源,26.0,8.1,34.5,15.0,40.0,28.0,其他,False
603352,至信股份,25.9,8.5,38.5,5.0,37.5,36.0,其他,False
601116,三江购物,25.9,10.9,38.5,10.0,32.5,28.0,其他,False
000777,中核科技,25.9,7.9,41.5,5.0,32.5,36.0,其他,False
000592,平潭发展,25.9,22.4,34.5,5.0,25.0,28.0,其他,False
600963,岳阳林纸,25.9,12.1,41.5,5.0,32.5,28.0,其他,False
601952,苏垦农发,25.9,19.3,33.5,5.0,25.0,36.0,其他,False
000625,长安汽车,25.8,11.7,33.5,5.0,40.0,36.0,其他,False
002195,岩山科技,25.8,14.6,34.5,10.0,32.5,28.0,其他,False
603200,上海洗霸,25.8,1.5,33.5,25.0,37.5,28.0,其他,False
600058,五矿发展,25.8,18.4,34.5,5.0,32.5,28.0,其他,False
603279,景津装备,25.7,10.2,38.5,10.0,32.5,28.0,其他,False
600682,南京新百,25.7,11.2,33.5,10.0,32.5,36.0,其他,False
603098,森特股份,25.7,8.6,33.5,10.0,37.5,36.0,其他,False
002318,久立特材,25.7,15.0,33.5,10.0,32.5,28.0,其他,False
000401,金隅冀东,25.7,14.8,33.5,5.0,32.5,36.0,其他,False
600583,海油工程,25.6,11.0,33.5,5.0,40.0,36.0,其他,False
002144,宏达高科,25.6,14.2,27.5,10.0,37.5,36.0,其他,False
000768,中航西飞,25.6,10.0,34.5,5.0,40.0,36.0,其他,False
002765,蓝黛科技,25.5,9.5,34.5,5.0,40.0,36.0,其他,False
000955,欣龙控股,25.5,13.2,38.5,5.0,32.5,28.0,其他,False
600422,昆药集团,25.5,6.6,33.5,10.0,40.0,36.0,其他,False
601020,华钰矿业,25.5,9.4,34.5,15.0,32.5,28.0,有色金属,False
002278,神开股份,25.5,6.9,41.5,10.0,22.5,36.0,其他,False
601865,福莱特,25.4,8.7,38.5,5.0,32.5,36.0,其他,False
002657,中科金财,25.4,10.3,34.5,5.0,37.5,36.0,其他,False
603878,武进不锈,25.4,9.8,41.5,5.0,32.5,28.0,其他,False
600986,浙文互联,25.4,5.6,53.5,5.0,25.0,20.0,其他,False
600866,星湖科技,25.3,5.1,41.5,5.0,32.5,36.0,其他,False
001696,宗申动力,25.3,8.2,38.5,5.0,32.5,36.0,其他,False
002649,博彦科技,25.3,12.2,34.5,5.0,32.5,36.0,其他,False
605365,立达信,25.3,9.3,45.5,10.0,25.0,20.0,其他,False
601949,中国出版,25.3,9.1,33.5,10.0,32.5,36.0,其他,False
603282,亚光股份,25.2,9.7,30.5,10.0,37.5,36.0,其他,False
603079,圣达生物,25.2,12.3,27.5,10.0,37.5,36.0,其他,False
002624,完美世界,25.2,1.4,41.5,20.0,32.5,20.0,其他,False
600067,冠城新材,25.2,7.8,38.5,5.0,32.5,36.0,其他,False
002165,红 宝 丽,25.1,0.6,34.5,25.0,40.0,20.0,其他,False
002506,协鑫集成,25.1,8.1,34.5,20.0,32.5,20.0,其他,False
603260,合盛硅业,25.1,16.6,34.5,5.0,30.0,28.0,其他,False
600273,XD嘉化能,25.0,9.6,20.0,25.0,32.5,36.0,其他,False
000707,双环科技,25.0,15.4,33.5,5.0,25.0,36.0,其他,False
603122,合富中国,24.9,9.0,41.5,5.0,30.0,28.0,其他,False
603058,永吉股份,24.9,11.0,34.5,10.0,32.5,28.0,其他,False
002427,尤夫股份,24.9,1.2,41.5,5.0,37.5,36.0,其他,False
601908,京运通,24.9,18.5,34.5,5.0,25.0,28.0,其他,False
002705,新宝股份,24.8,14.6,33.5,5.0,25.0,36.0,其他,False
000798,中水渔业,24.8,10.3,34.5,5.0,32.5,36.0,其他,False
002549,凯美特气,24.8,13.9,34.5,10.0,25.0,28.0,其他,False
002960,青鸟智控,24.8,7.8,33.5,10.0,40.0,28.0,其他,False
600793,宜宾纸业,24.8,4.5,41.5,5.0,30.0,36.0,其他,False
002209,达 意 隆,24.7,9.6,38.5,10.0,25.0,28.0,其他,False
603382,海阳科技,24.7,9.1,31.5,5.0,40.0,36.0,其他,False
002092,中泰化学,24.5,0.0,33.5,20.0,37.5,28.0,其他,False
001206,依依股份,24.4,9.3,33.5,5.0,32.5,36.0,其他,False
603036,如通股份,24.4,2.2,33.5,15.0,40.0,28.0,其他,False
600113,浙江东日,24.3,2.9,41.5,10.0,37.5,20.0,其他,False
000930,中粮科技,24.3,9.2,33.5,5.0,32.5,36.0,其他,False
000852,石化机械,24.2,13.4,26.5,5.0,37.5,36.0,其他,False
002469,三维化学,24.1,8.8,36.5,5.0,25.0,36.0,其他,False
002749,国光股份,24.1,0.5,33.5,15.0,32.5,36.0,其他,False
002769,普路通,24.1,0.0,33.5,10.0,50.0,28.0,其他,False
601003,柳钢股份,24.0,6.8,38.5,5.0,32.5,28.0,其他,False
002828,贝肯能源,23.9,4.5,31.5,5.0,42.5,36.0,其他,False
002225,濮耐股份,23.9,1.3,41.5,5.0,37.5,28.0,其他,False
000566,海南海药,23.9,3.4,33.5,10.0,32.5,36.0,其他,False
002368,太极股份,23.8,9.6,27.5,10.0,40.0,28.0,其他,False
600038,中直股份,23.8,8.2,33.5,5.0,30.0,36.0,其他,False
600746,江苏索普,23.8,11.0,33.5,5.0,32.5,28.0,其他,False
600507,方大特钢,23.7,7.7,36.5,5.0,32.5,28.0,其他,False
603113,金能科技,23.7,10.0,33.5,5.0,25.0,36.0,其他,False
000721,西安饮食,23.7,4.0,33.5,5.0,37.5,36.0,其他,False
603027,千禾味业,23.6,9.1,22.5,15.0,32.5,36.0,其他,False
603833,欧派家居,23.6,1.4,38.5,10.0,32.5,28.0,其他,False
002878,元隆雅图,23.6,3.8,45.5,5.0,30.0,20.0,其他,False
002882,金龙羽,23.5,9.3,27.5,5.0,37.5,36.0,其他,False
600075,新疆天业,23.4,9.4,33.5,5.0,32.5,28.0,其他,False
000959,首钢股份,23.4,1.6,33.5,5.0,40.0,36.0,其他,False
000892,欢瑞世纪,23.3,5.0,33.5,10.0,32.5,28.0,其他,False
603585,苏利股份,23.2,7.9,33.5,5.0,25.0,36.0,其他,False
605255,天普股份,23.1,0.4,41.5,10.0,32.5,20.0,其他,False
002229,鸿博股份,22.8,9.9,34.5,5.0,32.5,20.0,其他,False
600328,中盐化工,22.7,6.6,33.5,5.0,32.5,28.0,其他,False
002454,松芝股份,22.6,1.5,38.5,5.0,40.0,20.0,其他,False
600325,华发股份,22.5,0.5,38.5,5.0,32.5,28.0,其他,False
603202,天有为,22.3,5.1,22.5,10.0,37.5,36.0,其他,False
600409,三友化工,22.2,10.7,31.5,5.0,32.5,20.0,其他,False
603619,中曼石油,22.2,4.0,26.5,10.0,40.0,28.0,其他,False
002572,索菲亚,22.1,0.0,33.5,10.0,32.5,28.0,其他,False
603325,博隆技术,21.6,5.9,22.5,10.0,30.0,36.0,其他,False
000913,钱江摩托,21.5,8.1,22.5,5.0,32.5,36.0,其他,False
600470,六国化工,20.7,8.9,22.5,5.0,32.5,28.0,其他,False
000912,泸天化,20.6,8.1,22.5,5.0,25.0,36.0,其他,False
